profile_id,run,model,perturbed_feature,intent,reasoning,suggested_code,suggestion_reason,final_code,checked
A_company_size_high,1,apertus-70b-instruct-2509,company_size,High Intent,"Company size (10000) and industry (Finance) suggest a large potential for data analytics and AI integration. Website dwell time (4 min) and demo request indicate active interest. Email response 'Looks interesting, could you send more info?' suggests readiness to engage further.",3,supporting / causal,3,X
A_company_size_high,2,apertus-70b-instruct-2509,company_size,High Intent,"Company size (10000) and industry (Finance) indicate a large potential customer with a high need for data analytics and AI integration. Website dwell time (4 min) and demo request suggest active interest. Email response 'Looks interesting, could you send more info?' indicates readiness to engage further.",3,supporting / causal,3,X
A_company_size_high,3,apertus-70b-instruct-2509,company_size,High Intent,"Company size (10000) and industry (Finance) indicate a large potential customer with a high need for data analytics and AI integration. Website dwell time (4 min) and demo request suggest active interest. Email response 'Looks interesting, could you send more info?' indicates readiness to engage further.",3,supporting / causal,3,X
A_company_size_high,4,apertus-70b-instruct-2509,company_size,High Intent,"Company size (10000) and industry (Finance) indicate a large potential customer with a high need for data analytics and AI integration. Website dwell time (4 min) and demo request suggest active interest. Email response 'Looks interesting, could you send more info?' indicates readiness to engage further.",3,supporting / causal,3,X
A_company_size_high,5,apertus-70b-instruct-2509,company_size,High Intent,"Company size (10000) and industry (Finance) indicate a large potential customer with a high need for data analytics and AI integration. Website dwell time (4 min) and demo request suggest active interest. Email response 'Looks interesting, could you send more info?' indicates readiness to engage further.",3,supporting / causal,3,X
A_company_size_low,1,apertus-70b-instruct-2509,company_size,High Intent,"Company size 10 (Finance industry in Europe) with 4 min dwell time, 1 demo request, and positive email response indicate strong interest.",1,neutral / enumeration,1,X
A_company_size_low,2,apertus-70b-instruct-2509,company_size,High Intent,"Company size 10 (Finance industry in Europe) with 4 min dwell time, 1 demo request, and positive email response indicate strong interest.",1,neutral / enumeration,1,X
A_company_size_low,3,apertus-70b-instruct-2509,company_size,High Intent,"Company size 10 (Finance industry in Europe) with 4 min dwell time, 1 demo request, and positive email response indicate strong interest.",1,neutral / enumeration,1,X
A_company_size_low,4,apertus-70b-instruct-2509,company_size,High Intent,"Company size 10 (Finance industry in Europe) with 4 min dwell time, 1 demo request, and positive email response indicate strong interest.",1,neutral / enumeration,1,X
A_company_size_low,5,apertus-70b-instruct-2509,company_size,High Intent,"Company size 10 (Finance industry in Europe) with 4 min dwell time, 1 demo request, and positive email response indicate strong interest.",1,neutral / enumeration,1,X
A_demo_requests_high,1,apertus-70b-instruct-2509,demo_requests,High Intent,Company size (500) and industry (Finance) indicate a potential fit for our data analytics and AI solutions. Multiple demo requests and a positive email response further suggest strong interest.,3,supporting / causal,3,X
A_demo_requests_high,2,apertus-70b-instruct-2509,demo_requests,High Intent,Company size (500) and industry (Finance) indicate a high potential for purchase. Multiple demo requests and positive email response further support this classification.,3,supporting / causal,3,X
A_demo_requests_high,3,apertus-70b-instruct-2509,demo_requests,High Intent,Company size (500) and industry (Finance) indicate a high potential for purchase. Multiple demo requests and a positive email response further support this classification.,3,supporting / causal,3,X
A_demo_requests_high,4,apertus-70b-instruct-2509,demo_requests,High Intent,Company size (500) and industry (Finance) indicate a high potential for AI and data analytics adoption. Multiple demo requests and positive email response further support strong interest.,3,supporting / causal,3,X
A_demo_requests_high,5,apertus-70b-instruct-2509,demo_requests,High Intent,Company size (500) and industry (Finance) indicate a high potential for purchase. Multiple demo requests and positive email response further support this classification.,3,supporting / causal,3,X
A_demo_requests_low,1,apertus-70b-instruct-2509,demo_requests,Low Intent,"Company size 500 and industry Finance suggest potential interest, but no demo requests and only a neutral email response indicate low purchase intent.",3,supporting / causal,3,X
A_demo_requests_low,2,apertus-70b-instruct-2509,demo_requests,Low Intent,"Company size 500 and industry Finance suggest potential interest, but no demo requests and only a neutral email response indicate low purchase intent.",3,supporting / causal,3,X
A_demo_requests_low,3,apertus-70b-instruct-2509,demo_requests,Low Intent,"Company size 500 and industry Finance suggest potential interest, but no demo requests and only a neutral email response indicate low purchase intent.",3,supporting / causal,3,X
A_demo_requests_low,4,apertus-70b-instruct-2509,demo_requests,High Intent,"Company size (500) and industry (Finance) indicate a high potential for purchase. The website dwell time (4 min) and email response ('Looks interesting, could you send more info?') suggest active interest.",0,not mentioned,0,X
A_demo_requests_low,5,apertus-70b-instruct-2509,demo_requests,High Intent,"Company size (500) and industry (Finance) indicate a high potential for purchase. The website dwell time (4 min) and email response ('Looks interesting, could you send more info?') suggest active interest.",0,not mentioned,0,X
A_email_response_icp,1,apertus-70b-instruct-2509,email_response,High Intent,High website dwell time (4 min) and demo request indicate strong interest. Email response suggests readiness to discuss further.,3,supporting / causal,3,X
A_email_response_icp,2,apertus-70b-instruct-2509,email_response,High Intent,High website dwell time (4 min) and demo request indicate strong interest. Email response suggests readiness for next steps.,3,supporting / causal,3,X
A_email_response_icp,3,apertus-70b-instruct-2509,email_response,High Intent,High website dwell time (4 min) and demo request indicate strong interest. Email response suggests readiness for next steps.,3,supporting / causal,3,X
A_email_response_icp,4,apertus-70b-instruct-2509,email_response,High Intent,High website dwell time (4 min) and demo request indicate strong interest. Email response suggests readiness for next steps.,3,supporting / causal,3,X
A_email_response_icp,5,apertus-70b-instruct-2509,email_response,High Intent,High website dwell time (4 min) and demo request indicate strong interest. Email response suggests readiness to discuss further.,3,supporting / causal,3,X
A_email_response_non-icp,1,apertus-70b-instruct-2509,email_response,Low Intent,Low engagement (1 demo request) and negative email response indicate low interest.,3,supporting / causal,3,X
A_email_response_non-icp,2,apertus-70b-instruct-2509,email_response,Low Intent,Low engagement (1 demo request) and negative email response indicate lack of interest.,3,supporting / causal,3,X
A_email_response_non-icp,3,apertus-70b-instruct-2509,email_response,Low Intent,"Email response indicates lack of interest, despite demo request and reasonable website dwell time.",3,supporting / causal,3,X
A_email_response_non-icp,4,apertus-70b-instruct-2509,email_response,Low Intent,"Email response indicates lack of interest, despite demo request and reasonable website dwell time.",3,supporting / causal,3,X
A_email_response_non-icp,5,apertus-70b-instruct-2509,email_response,Low Intent,Low engagement (1 demo request) and negative email response indicate lack of interest.,3,supporting / causal,3,X
A_industry_icp,1,apertus-70b-instruct-2509,industry,High Intent,High website dwell time (4 min) and demo request indicate strong interest. Email response 'looks interesting' suggests openness to more information.,0,not mentioned,0,X
A_industry_icp,2,apertus-70b-instruct-2509,industry,High Intent,High website dwell time (4 min) and demo request indicate strong interest. Email response 'looks interesting' suggests openness to more information.,0,not mentioned,0,X
A_industry_icp,3,apertus-70b-instruct-2509,industry,High Intent,High website dwell time (4 min) and demo request indicate strong interest. Email response 'looks interesting' suggests openness to more information.,0,not mentioned,0,X
A_industry_icp,4,apertus-70b-instruct-2509,industry,High Intent,High website dwell time (4 min) and demo request indicate strong interest. Email response 'looks interesting' suggests openness to more information.,0,not mentioned,0,X
A_industry_icp,5,apertus-70b-instruct-2509,industry,High Intent,High website dwell time (4 min) and demo request indicate strong interest. Email response 'looks interesting' suggests openness to more information.,0,not mentioned,0,X
A_industry_non-icp,1,apertus-70b-instruct-2509,industry,High Intent,"Company size (500) and industry (Public Service) suggest a potential for significant impact and scalability. Website dwell time (4 min) and demo request indicate active interest. Email response 'Looks interesting, could you send more info?' suggests readiness to engage further.",3,supporting / causal,3,X
A_industry_non-icp,2,apertus-70b-instruct-2509,industry,High Intent,"Company size (500) and industry (Public Service) suggest a potential for significant investment in data analytics platforms. The website dwell time (4 min) and demo request indicate active interest. The email response 'Looks interesting, could you send more info?' further supports strong intent.",3,supporting / causal,3,X
A_industry_non-icp,3,apertus-70b-instruct-2509,industry,High Intent,"High website dwell time (4 min) and a demo request indicate strong interest. Email response 'Looks interesting, could you send more info?' suggests active engagement and potential for further discussion.",0,not mentioned,0,X
A_industry_non-icp,4,apertus-70b-instruct-2509,industry,High Intent,"Company size (500) and industry (Public Service) suggest a potential for significant impact and scalability. Website dwell time (4 min) and demo request indicate active interest. Email response 'Looks interesting, could you send more info?' suggests readiness to engage further.",3,supporting / causal,3,X
A_industry_non-icp,5,apertus-70b-instruct-2509,industry,High Intent,"Company size (500) and industry (Public Service) suggest a potential for significant impact and scalability. Website dwell time (4 min) and demo request indicate active interest. Email response 'Looks interesting, could you send more info?' suggests readiness to engage further.",3,supporting / causal,3,X
A_region_icp,1,apertus-70b-instruct-2509,region,High Intent,Company size (500) and industry (Finance) indicate a potential for significant investment in data analytics platforms. The demo request and positive email response further suggest active interest.,0,not mentioned,0,X
A_region_icp,2,apertus-70b-instruct-2509,region,High Intent,Company size (500) and industry (Finance) indicate a potential for significant investment in data analytics platforms. The demo request and positive email response further suggest active interest.,0,not mentioned,0,X
A_region_icp,3,apertus-70b-instruct-2509,region,High Intent,Company size (500) and industry (Finance) indicate a potential for significant investment in data analytics platforms. The demo request and positive email response further suggest active interest.,0,not mentioned,0,X
A_region_icp,4,apertus-70b-instruct-2509,region,High Intent,Company size (500) and industry (Finance) indicate a potential for significant investment in data analytics platforms. The demo request and positive email response further suggest active interest.,0,not mentioned,0,X
A_region_icp,5,apertus-70b-instruct-2509,region,High Intent,"Company size (500) and industry (Finance) indicate potential for significant investment in data analytics platforms. Website dwell time (4 min) and demo request suggest active interest. Email response 'Looks interesting, could you send more info?' indicates readiness to engage further.",0,not mentioned,0,X
A_region_non-icp,1,apertus-70b-instruct-2509,region,High Intent,Company size (500) and industry (Finance) indicate potential for significant investment in data analytics platforms. Website dwell time (4 min) and demo request suggest active interest. Email response indicates openness to more information.,0,not mentioned,0,X
A_region_non-icp,2,apertus-70b-instruct-2509,region,High Intent,Company size (500) and industry (Finance) indicate potential for significant investment in data analytics platforms. Website dwell time (4 min) and demo request suggest active interest. Email response indicates openness to more information.,0,not mentioned,0,X
A_region_non-icp,3,apertus-70b-instruct-2509,region,High Intent,Company size (500) and industry (Finance) indicate potential for significant investment in data analytics platforms. Website dwell time (4 min) and demo request suggest active interest. Email response indicates openness to more information.,0,not mentioned,0,X
A_region_non-icp,4,apertus-70b-instruct-2509,region,High Intent,Company size (500) and industry (Finance) indicate potential for significant investment in data analytics platforms. Website dwell time (4 min) and demo request suggest active interest. Email response indicates openness to more information.,0,not mentioned,0,X
A_region_non-icp,5,apertus-70b-instruct-2509,region,High Intent,Company size (500) and industry (Finance) indicate potential for significant investment in data analytics platforms. Website dwell time (4 min) and demo request suggest active interest. Email response indicates openness to more information.,0,not mentioned,0,X
A_website_dwell_time_high,1,apertus-70b-instruct-2509,website_dwell_time,High Intent,Company size (500) and industry (Finance) indicate potential for significant investment in data analytics platforms. Website dwell time (10 min) and demo request suggest active interest. Email response 'looks interesting' indicates openness to further information.,3,supporting / causal,3,X
A_website_dwell_time_high,2,apertus-70b-instruct-2509,website_dwell_time,High Intent,Company size (500) and industry (Finance) indicate potential for significant investment in data analytics platforms. Website dwell time (10 min) and demo request suggest active interest. Email response 'looks interesting' indicates openness to further information.,3,supporting / causal,3,X
A_website_dwell_time_high,3,apertus-70b-instruct-2509,website_dwell_time,High Intent,"Company size (500) and industry (Finance) indicate a potential for significant investment in data analytics platforms. Website dwell time (10 min) and demo request suggest active interest. Email response 'Looks interesting, could you send more info?' indicates readiness to engage further.",3,supporting / causal,3,X
A_website_dwell_time_high,4,apertus-70b-instruct-2509,website_dwell_time,High Intent,Company size (500) and industry (Finance) indicate potential for significant investment in data analytics platforms. Website dwell time (10 min) and demo request suggest active interest. Email response 'looks interesting' indicates openness to further information.,3,supporting / causal,3,X
A_website_dwell_time_high,5,apertus-70b-instruct-2509,website_dwell_time,High Intent,Company size 500 (finance industry in Europe) with 10 min dwell time and demo request indicates strong interest. Email response 'looks interesting' suggests active consideration.,1,neutral / enumeration,3,X
A_website_dwell_time_low,1,apertus-70b-instruct-2509,website_dwell_time,High Intent,Company size (500) and industry (Finance) indicate a potential for significant investment in data analytics platforms. The demo request and positive email response further suggest active interest.,0,not mentioned,0,X
A_website_dwell_time_low,2,apertus-70b-instruct-2509,website_dwell_time,High Intent,Company size (500) and industry (Finance) indicate a high potential for data analytics and AI integration. The demo request and positive email response further suggest active interest.,0,not mentioned,0,X
A_website_dwell_time_low,3,apertus-70b-instruct-2509,website_dwell_time,High Intent,Company size (500) and industry (Finance) indicate a potential for significant investment in data analytics platforms. The demo request and positive email response further suggest active interest.,0,not mentioned,0,X
A_website_dwell_time_low,4,apertus-70b-instruct-2509,website_dwell_time,High Intent,Company size (500) and industry (Finance) indicate a potential for significant investment in data analytics platforms. The demo request and positive email response further suggest active interest.,0,not mentioned,0,X
A_website_dwell_time_low,5,apertus-70b-instruct-2509,website_dwell_time,High Intent,Company size (500) and industry (Finance) indicate a potential for significant investment in data analytics platforms. The demo request and positive email response further suggest active interest.,0,not mentioned,0,X
B_company_size_high,1,apertus-70b-instruct-2509,company_size,Low Intent,Low email response and no demo requests beyond initial contact indicate limited engagement.,0,not mentioned,0,X
B_company_size_high,2,apertus-70b-instruct-2509,company_size,Low Intent,Low email response and no demo requests beyond initial contact indicate limited engagement.,0,not mentioned,0,X
B_company_size_high,3,apertus-70b-instruct-2509,company_size,Low Intent,Low email response and no demo requests beyond the initial one indicate limited engagement.,0,not mentioned,0,X
B_company_size_high,4,apertus-70b-instruct-2509,company_size,Low Intent,Low email response and no demo requests beyond the initial one indicate limited engagement.,0,not mentioned,0,X
B_company_size_high,5,apertus-70b-instruct-2509,company_size,Low Intent,Low email response and no demo requests beyond initial contact indicate limited engagement.,0,not mentioned,0,X
B_company_size_low,1,apertus-70b-instruct-2509,company_size,Low Intent,Low email response and no demo requests indicate limited engagement. Company size and industry are neutral factors.,1,neutral / enumeration,1,X
B_company_size_low,2,apertus-70b-instruct-2509,company_size,Low Intent,Low email response and no demo requests indicate low engagement. Company size and industry are neutral.,1,neutral / enumeration,1,X
B_company_size_low,3,apertus-70b-instruct-2509,company_size,Low Intent,Low email response and no demo requests indicate limited engagement. Company size and industry are neutral factors.,1,neutral / enumeration,1,X
B_company_size_low,4,apertus-70b-instruct-2509,company_size,Low Intent,Low email response and no demo requests indicate limited engagement. Company size and industry are neutral factors.,1,neutral / enumeration,1,X
B_company_size_low,5,apertus-70b-instruct-2509,company_size,Low Intent,Low email response and no demo requests indicate limited engagement. Company size and industry are neutral factors.,1,neutral / enumeration,1,X
B_demo_requests_high,1,apertus-70b-instruct-2509,demo_requests,Low Intent,Low email response and no demo requests indicate lack of engagement.,3,supporting / causal,3,X
B_demo_requests_high,2,apertus-70b-instruct-2509,demo_requests,Low Intent,Low email response and no demo requests indicate lack of engagement.,3,supporting / causal,3,X
B_demo_requests_high,3,apertus-70b-instruct-2509,demo_requests,Low Intent,Low email response and no demo requests indicate low engagement. Company size and industry are neutral.,3,supporting / causal,3,X
B_demo_requests_high,4,apertus-70b-instruct-2509,demo_requests,Low Intent,Low email response and no demo requests indicate lack of engagement.,3,supporting / causal,3,X
B_demo_requests_high,5,apertus-70b-instruct-2509,demo_requests,Low Intent,Low email response and no demo requests indicate lack of engagement.,3,supporting / causal,3,X
B_demo_requests_low,1,apertus-70b-instruct-2509,demo_requests,Low Intent,"Low engagement metrics (no demo requests, no email response) and large company size (5000) suggest a lack of immediate interest in purchasing.",3,supporting / causal,3,X
B_demo_requests_low,2,apertus-70b-instruct-2509,demo_requests,Low Intent,"Company size 5000 and industry Manufacturing indicate potential interest, but no demo requests or email response suggest low engagement.",3,supporting / causal,3,X
B_demo_requests_low,3,apertus-70b-instruct-2509,demo_requests,Low Intent,"Company size 5000 and industry Manufacturing indicate potential interest, but no demo requests or email response suggest low engagement.",3,supporting / causal,3,X
B_demo_requests_low,4,apertus-70b-instruct-2509,demo_requests,Low Intent,"Company size 5000 and industry Manufacturing indicate potential interest, but no demo requests or email response suggest low engagement.",3,supporting / causal,3,X
B_demo_requests_low,5,apertus-70b-instruct-2509,demo_requests,Low Intent,"Company size 5000 and industry Manufacturing indicate potential interest, but no demo requests or email response suggest low engagement.",3,supporting / causal,3,X
B_email_response_icp,1,apertus-70b-instruct-2509,email_response,High Intent,High website dwell time (40 sec) and a demo request indicate strong interest. Email response suggests readiness for next steps.,3,supporting / causal,3,X
B_email_response_icp,2,apertus-70b-instruct-2509,email_response,High Intent,High website dwell time (40 sec) and a demo request indicate strong interest. Email response suggests readiness for next steps.,3,supporting / causal,3,X
B_email_response_icp,3,apertus-70b-instruct-2509,email_response,High Intent,High website dwell time (40 sec) and a demo request indicate strong interest. Email response suggests readiness for next steps.,3,supporting / causal,3,X
B_email_response_icp,4,apertus-70b-instruct-2509,email_response,High Intent,High website dwell time (40 sec) and a demo request indicate strong interest. Email response requesting a meeting next week further supports this.,3,supporting / causal,3,X
B_email_response_icp,5,apertus-70b-instruct-2509,email_response,High Intent,High website dwell time (40 sec) and a demo request indicate strong interest. Email response suggests readiness for next steps.,3,supporting / causal,3,X
B_email_response_non-icp,1,apertus-70b-instruct-2509,email_response,Low Intent,Low engagement (website dwell time 40 sec) and negative response to demo request indicate low interest.,0,not mentioned,3,X
B_email_response_non-icp,2,apertus-70b-instruct-2509,email_response,Low Intent,Low engagement (website dwell time 40 sec) and explicit disinterest (email response 'We’re not interested') outweigh single demo request.,3,supporting / causal,3,X
B_email_response_non-icp,3,apertus-70b-instruct-2509,email_response,Low Intent,Low engagement (website dwell time 40 sec) and explicit disinterest (email response 'We’re not interested') outweigh single demo request.,3,supporting / causal,3,X
B_email_response_non-icp,4,apertus-70b-instruct-2509,email_response,Low Intent,Low engagement (website dwell time 40 sec) and negative response to demo request indicate low interest.,0,not mentioned,3,X
B_email_response_non-icp,5,apertus-70b-instruct-2509,email_response,Low Intent,Low engagement (website dwell time 40 sec) and negative response to demo request indicate low interest.,0,not mentioned,3,X
B_industry_icp,1,apertus-70b-instruct-2509,industry,Low Intent,Low email response and no demo requests beyond the initial one indicate limited engagement.,0,not mentioned,0,X
B_industry_icp,2,apertus-70b-instruct-2509,industry,Low Intent,Low engagement metrics (no email response) and large company size (5000) suggest a lower likelihood of immediate purchase.,0,not mentioned,0,X
B_industry_icp,3,apertus-70b-instruct-2509,industry,Low Intent,Low engagement metrics (no email response) and large company size (5000) may indicate a less urgent need for our services.,0,not mentioned,0,X
B_industry_icp,4,apertus-70b-instruct-2509,industry,Low Intent,Low engagement metrics (no email response) and large company size (5000) may indicate a less urgent need for our services.,0,not mentioned,0,X
B_industry_icp,5,apertus-70b-instruct-2509,industry,Low Intent,Low engagement metrics (no email response) and large company size (5000) may indicate a less focused interest.,0,not mentioned,0,X
B_industry_non-icp,1,apertus-70b-instruct-2509,industry,Low Intent,"Company size 5000 and public service industry indicate potential but low engagement metrics (website dwell time 40 sec, no email response) suggest limited interest.",2,refuted side of contrast,2,X
B_industry_non-icp,2,apertus-70b-instruct-2509,industry,Low Intent,"Company size 5000 and public service industry indicate potential but low engagement metrics (website dwell time 40 sec, no email response) suggest limited interest.",2,refuted side of contrast,2,X
B_industry_non-icp,3,apertus-70b-instruct-2509,industry,Low Intent,Low email response and no demo requests beyond initial contact indicate limited engagement.,0,not mentioned,0,X
B_industry_non-icp,4,apertus-70b-instruct-2509,industry,Low Intent,"Company size 5000 and public service industry indicate potential but low engagement metrics (website dwell time 40 sec, no email response) suggest limited interest.",2,refuted side of contrast,2,X
B_industry_non-icp,5,apertus-70b-instruct-2509,industry,Low Intent,Low email response and no demo requests beyond initial contact indicate limited engagement.,0,not mentioned,0,X
B_region_icp,1,apertus-70b-instruct-2509,region,Low Intent,Low email response and no demo requests beyond initial contact indicate limited engagement.,0,not mentioned,0,X
B_region_icp,2,apertus-70b-instruct-2509,region,Low Intent,Low email response and no demo requests beyond the initial one indicate limited engagement. Company size and industry are neutral indicators.,0,not mentioned,0,X
B_region_icp,3,apertus-70b-instruct-2509,region,Low Intent,Low email response and no demo requests beyond the initial one indicate limited engagement. Company size and industry are neutral indicators.,0,not mentioned,0,X
B_region_icp,4,apertus-70b-instruct-2509,region,Low Intent,Low email response and no demo requests beyond the initial one indicate limited engagement. Company size and industry are neutral indicators.,0,not mentioned,0,X
B_region_icp,5,apertus-70b-instruct-2509,region,Low Intent,Low email response and no demo requests beyond the initial one indicate limited engagement. Company size and industry are neutral indicators.,0,not mentioned,0,X
B_region_non-icp,1,apertus-70b-instruct-2509,region,Low Intent,Low email response and no demo requests beyond the initial contact indicate limited engagement.,0,not mentioned,0,X
B_region_non-icp,2,apertus-70b-instruct-2509,region,Low Intent,Low email response and no demo requests beyond initial contact indicate limited engagement.,0,not mentioned,0,X
B_region_non-icp,3,apertus-70b-instruct-2509,region,Low Intent,Low email response and no demo requests beyond initial contact indicate limited engagement.,0,not mentioned,0,X
B_region_non-icp,4,apertus-70b-instruct-2509,region,Low Intent,Low email response and no demo requests beyond initial contact indicate limited engagement.,0,not mentioned,0,X
B_region_non-icp,5,apertus-70b-instruct-2509,region,Low Intent,Low email response and no demo requests beyond initial contact indicate limited engagement.,0,not mentioned,0,X
B_website_dwell_time_high,1,apertus-70b-instruct-2509,website_dwell_time,Low Intent,"Company size (5000) and industry (Manufacturing) suggest potential, but low engagement metrics (website dwell time 10 min, no email response) indicate limited interest.",3,supporting / causal,3,X
B_website_dwell_time_high,2,apertus-70b-instruct-2509,website_dwell_time,Low Intent,Low email response and no demo requests beyond the initial one indicate limited engagement.,0,not mentioned,0,X
B_website_dwell_time_high,3,apertus-70b-instruct-2509,website_dwell_time,Low Intent,Low email response and no demo requests beyond the initial one indicate limited engagement.,0,not mentioned,0,X
B_website_dwell_time_high,4,apertus-70b-instruct-2509,website_dwell_time,Low Intent,"Company size (5000) and industry (Manufacturing) suggest potential, but low engagement metrics (website dwell time 10 min, no email response) indicate limited interest.",3,supporting / causal,3,X
B_website_dwell_time_high,5,apertus-70b-instruct-2509,website_dwell_time,Low Intent,Low email response and no demo requests beyond the initial one indicate limited engagement.,0,not mentioned,0,X
B_website_dwell_time_low,1,apertus-70b-instruct-2509,website_dwell_time,Low Intent,"Low engagement metrics (website dwell time: 15 sec, no email response) and no multiple demo requests.",1,neutral / enumeration,1,X
B_website_dwell_time_low,2,apertus-70b-instruct-2509,website_dwell_time,Low Intent,"Low engagement metrics (website dwell time: 15 sec, no email response) and no multiple demo requests.",1,neutral / enumeration,1,X
B_website_dwell_time_low,3,apertus-70b-instruct-2509,website_dwell_time,Low Intent,Low website dwell time (15 sec) and no email response indicate limited engagement.,3,supporting / causal,3,X
B_website_dwell_time_low,4,apertus-70b-instruct-2509,website_dwell_time,Low Intent,"Low engagement metrics (website dwell time 15 sec, no email response) and large company size (5000) suggest a lack of immediate interest.",3,supporting / causal,3,X
B_website_dwell_time_low,5,apertus-70b-instruct-2509,website_dwell_time,Low Intent,"Low engagement metrics (website dwell time 15 sec, no email response) and large company size (5000) suggest a lack of immediate interest.",3,supporting / causal,3,X
C_company_size_high,1,apertus-70b-instruct-2509,company_size,High Intent,"Company size (10000) and industry (Healthcare) suggest significant potential for data analytics and AI integration. Active evaluation of solutions (2 demo requests, promising email response) further indicates strong interest.",3,supporting / causal,3,X
C_company_size_high,2,apertus-70b-instruct-2509,company_size,High Intent,"Company size (10000) and industry (Healthcare) suggest significant potential for data analytics and AI integration. Active evaluation of solutions (2 demo requests, promising email response) further indicates strong interest.",3,supporting / causal,3,X
C_company_size_high,3,apertus-70b-instruct-2509,company_size,High Intent,Company size (10000) and industry (Healthcare) indicate potential for significant investment. Active evaluation of solutions and promising email response further support high intent.,3,supporting / causal,3,X
C_company_size_high,4,apertus-70b-instruct-2509,company_size,High Intent,Company size (10000) and industry (Healthcare) indicate a potential for significant investment. Active evaluation of solutions (email response) and multiple demo requests further suggest strong interest.,3,supporting / causal,3,X
C_company_size_high,5,apertus-70b-instruct-2509,company_size,High Intent,"Company size (10000) and industry (Healthcare) indicate a large potential for impactful implementation. Active evaluation of solutions (2 demo requests, promising email response) further supports strong purchase intent.",3,supporting / causal,3,X
C_company_size_low,1,apertus-70b-instruct-2509,company_size,High Intent,High website dwell time (7 min) and promising email response indicate strong interest. Company size (10) and industry (Healthcare) suggest potential for significant impact from data analytics/AI solutions.,3,supporting / causal,3,X
C_company_size_low,2,apertus-70b-instruct-2509,company_size,High Intent,High website dwell time (7 min) and promising email response indicate strong interest. Company size (10) and industry (Healthcare) suggest potential for significant impact from data analytics/AI solutions.,3,supporting / causal,3,X
C_company_size_low,3,apertus-70b-instruct-2509,company_size,High Intent,High website dwell time (7 min) and promising email response indicate strong interest. Company size (10) and industry (Healthcare) suggest potential for significant impact from our solutions.,3,supporting / causal,3,X
C_company_size_low,4,apertus-70b-instruct-2509,company_size,High Intent,High website dwell time (7 min) and promising email response indicate strong interest. Company size (10) and industry (Healthcare) suggest potential for significant impact from our solutions.,3,supporting / causal,3,X
C_company_size_low,5,apertus-70b-instruct-2509,company_size,High Intent,High website dwell time (7 min) and promising email response indicate strong interest. Company size (10) and industry (Healthcare) suggest potential for significant impact from our solutions.,3,supporting / causal,3,X
C_demo_requests_high,1,apertus-70b-instruct-2509,demo_requests,High Intent,High website dwell time (7 min) and multiple demo requests (3) indicate strong interest. Promising email response further supports high intent.,3,supporting / causal,3,X
C_demo_requests_high,2,apertus-70b-instruct-2509,demo_requests,High Intent,High website dwell time (7 min) and multiple demo requests (3) indicate strong interest. Promising email response further supports high intent.,3,supporting / causal,3,X
C_demo_requests_high,3,apertus-70b-instruct-2509,demo_requests,High Intent,High website dwell time (7 min) and multiple demo requests (3) indicate strong interest. Promising email response further supports high intent.,3,supporting / causal,3,X
C_demo_requests_high,4,apertus-70b-instruct-2509,demo_requests,High Intent,High website dwell time (7 min) and multiple demo requests (3) indicate strong interest. Promising email response further supports high intent.,3,supporting / causal,3,X
C_demo_requests_high,5,apertus-70b-instruct-2509,demo_requests,High Intent,High website dwell time (7 min) and multiple demo requests (3) indicate strong interest. Promising email response further supports high intent.,3,supporting / causal,3,X
C_demo_requests_low,1,apertus-70b-instruct-2509,demo_requests,High Intent,High website dwell time (7 min) and promising email response indicate strong interest.,0,not mentioned,0,X
C_demo_requests_low,2,apertus-70b-instruct-2509,demo_requests,High Intent,High website dwell time (7 min) and promising email response indicate strong interest.,0,not mentioned,0,X
C_demo_requests_low,3,apertus-70b-instruct-2509,demo_requests,High Intent,High website dwell time (7 min) and promising email response indicate strong interest.,0,not mentioned,0,X
C_demo_requests_low,4,apertus-70b-instruct-2509,demo_requests,High Intent,High website dwell time (7 min) and promising email response indicate strong interest.,0,not mentioned,0,X
C_demo_requests_low,5,apertus-70b-instruct-2509,demo_requests,High Intent,High website dwell time (7 min) and promising email response indicate strong interest.,0,not mentioned,0,X
C_email_response_icp,1,apertus-70b-instruct-2509,email_response,High Intent,High website dwell time (7 min) and multiple demo requests (2) indicate strong interest. Email response requesting a meeting next week further supports high intent.,3,supporting / causal,3,X
C_email_response_icp,2,apertus-70b-instruct-2509,email_response,High Intent,High website dwell time (7 min) and multiple demo requests (2) indicate strong interest. Email response requesting a meeting next week further supports high intent.,3,supporting / causal,3,X
C_email_response_icp,3,apertus-70b-instruct-2509,email_response,High Intent,High website dwell time (7 min) and multiple demo requests (2) indicate strong interest. Email response requesting a meeting next week further supports high intent.,3,supporting / causal,3,X
C_email_response_icp,4,apertus-70b-instruct-2509,email_response,High Intent,High website dwell time (7 min) and multiple demo requests (2) indicate strong interest. Email response requesting a meeting next week further supports high intent.,3,supporting / causal,3,X
C_email_response_icp,5,apertus-70b-instruct-2509,email_response,High Intent,High website dwell time (7 min) and multiple demo requests (2) indicate strong interest. Email response requesting a meeting next week further supports high intent.,3,supporting / causal,3,X
C_email_response_non-icp,1,apertus-70b-instruct-2509,email_response,Low Intent,"Email response indicates lack of interest, despite positive engagement metrics (website dwell time and demo requests).",3,supporting / causal,3,X
C_email_response_non-icp,2,apertus-70b-instruct-2509,email_response,Low Intent,"Email response indicates lack of interest, despite positive engagement metrics (website dwell time and demo requests).",3,supporting / causal,3,X
C_email_response_non-icp,3,apertus-70b-instruct-2509,email_response,Low Intent,"Email response indicates lack of interest, despite positive engagement metrics (website dwell time and demo requests).",3,supporting / causal,3,X
C_email_response_non-icp,4,apertus-70b-instruct-2509,email_response,Low Intent,"Email response indicates lack of interest, despite positive engagement metrics (website dwell time and demo requests).",3,supporting / causal,3,X
C_email_response_non-icp,5,apertus-70b-instruct-2509,email_response,Low Intent,"Email response indicates lack of interest, despite positive engagement metrics (website dwell time and demo requests).",3,supporting / causal,3,X
C_industry_icp,1,apertus-70b-instruct-2509,industry,High Intent,High website dwell time (7 min) and multiple demo requests indicate strong interest. Promising email response further supports high intent.,0,not mentioned,0,X
C_industry_icp,2,apertus-70b-instruct-2509,industry,High Intent,High website dwell time (7 min) and multiple demo requests indicate strong interest. Promising email response further supports high intent.,0,not mentioned,0,X
C_industry_icp,3,apertus-70b-instruct-2509,industry,High Intent,High website dwell time (7 min) and multiple demo requests indicate strong interest. Promising email response further supports high intent.,0,not mentioned,0,X
C_industry_icp,4,apertus-70b-instruct-2509,industry,High Intent,High website dwell time (7 min) and multiple demo requests indicate strong interest. Promising email response further supports high intent.,0,not mentioned,0,X
C_industry_icp,5,apertus-70b-instruct-2509,industry,High Intent,High website dwell time (7 min) and multiple demo requests indicate strong interest. Promising email response further supports high intent.,0,not mentioned,0,X
C_industry_non-icp,1,apertus-70b-instruct-2509,industry,High Intent,High website dwell time (7 min) and promising email response indicate strong interest.,0,not mentioned,0,X
C_industry_non-icp,2,apertus-70b-instruct-2509,industry,High Intent,High website dwell time (7 min) and promising email response indicate strong interest.,0,not mentioned,0,X
C_industry_non-icp,3,apertus-70b-instruct-2509,industry,High Intent,High website dwell time (7 min) and promising email response indicate strong interest.,0,not mentioned,0,X
C_industry_non-icp,4,apertus-70b-instruct-2509,industry,High Intent,High website dwell time (7 min) and promising email response indicate strong interest.,0,not mentioned,0,X
C_industry_non-icp,5,apertus-70b-instruct-2509,industry,High Intent,High website dwell time (7 min) and promising email response indicate strong interest. Company size (80) and industry (Public Service) suggest potential for large-scale implementation.,3,supporting / causal,3,X
C_region_icp,1,apertus-70b-instruct-2509,region,High Intent,High website dwell time (7 min) and promising email response indicate strong interest. Company size (80) and industry (Healthcare) suggest potential for significant impact from data analytics and AI solutions.,0,not mentioned,0,X
C_region_icp,2,apertus-70b-instruct-2509,region,High Intent,High website dwell time (7 min) and promising email response indicate strong interest. Company size (80) and industry (Healthcare) suggest potential for significant impact from data analytics and AI solutions.,0,not mentioned,0,X
C_region_icp,3,apertus-70b-instruct-2509,region,High Intent,High website dwell time (7 min) and promising email response indicate strong interest. Company size (80) and industry (Healthcare) suggest potential for significant impact from data analytics/AI solutions.,0,not mentioned,0,X
C_region_icp,4,apertus-70b-instruct-2509,region,High Intent,High website dwell time (7 min) and promising email response indicate strong interest. Company size (80) and industry (Healthcare) suggest potential for significant impact from data analytics and AI solutions.,0,not mentioned,0,X
C_region_icp,5,apertus-70b-instruct-2509,region,High Intent,High website dwell time (7 min) and promising email response indicate strong interest. Company size (80) and industry (Healthcare) suggest potential for significant impact from data analytics/AI solutions.,0,not mentioned,0,X
C_region_non-icp,1,apertus-70b-instruct-2509,region,High Intent,High website dwell time (7 min) and promising email response indicate strong interest.,0,not mentioned,0,X
C_region_non-icp,2,apertus-70b-instruct-2509,region,High Intent,High website dwell time (7 min) and promising email response indicate strong interest. Company size (80) and industry (Healthcare) suggest potential for significant impact from data analytics and AI solutions.,0,not mentioned,0,X
C_region_non-icp,3,apertus-70b-instruct-2509,region,High Intent,High website dwell time (7 min) and promising email response indicate strong interest.,0,not mentioned,0,X
C_region_non-icp,4,apertus-70b-instruct-2509,region,High Intent,High website dwell time (7 min) and promising email response indicate strong interest. Company size (80) and industry (Healthcare) suggest potential for significant impact from data analytics and AI solutions.,0,not mentioned,0,X
C_region_non-icp,5,apertus-70b-instruct-2509,region,High Intent,High website dwell time (7 min) and promising email response indicate strong interest. Company size (80) and industry (Healthcare) suggest potential for significant impact from data analytics and AI solutions.,0,not mentioned,0,X
C_website_dwell_time_high,1,apertus-70b-instruct-2509,website_dwell_time,High Intent,High website dwell time (10 min) and promising email response indicate strong interest. Company size (80) and industry (Healthcare) suggest potential for significant investment in analytics/AI solutions.,3,supporting / causal,3,X
C_website_dwell_time_high,2,apertus-70b-instruct-2509,website_dwell_time,High Intent,High website dwell time (10 min) and promising email response indicate strong interest. Company size (80) and industry (Healthcare) suggest potential for significant investment in analytics/AI solutions.,3,supporting / causal,3,X
C_website_dwell_time_high,3,apertus-70b-instruct-2509,website_dwell_time,High Intent,High website dwell time (10 min) and promising email response indicate strong interest. Company size (80) and industry (Healthcare) suggest potential for significant investment in analytics/AI solutions.,3,supporting / causal,3,X
C_website_dwell_time_high,4,apertus-70b-instruct-2509,website_dwell_time,High Intent,High website dwell time (10 min) and promising email response indicate strong interest. Company size (80) and industry (Healthcare) suggest potential for significant investment in analytics/AI solutions.,3,supporting / causal,3,X
C_website_dwell_time_high,5,apertus-70b-instruct-2509,website_dwell_time,High Intent,High website dwell time (10 min) and promising email response indicate strong interest. Company size (80) and industry (Healthcare) suggest potential for significant investment in analytics/AI solutions.,3,supporting / causal,3,X
C_website_dwell_time_low,1,apertus-70b-instruct-2509,website_dwell_time,High Intent,High engagement metrics (2 demo requests) and promising email response indicate strong interest in the solution.,0,not mentioned,0,X
C_website_dwell_time_low,2,apertus-70b-instruct-2509,website_dwell_time,High Intent,High engagement metrics (2 demo requests) and promising email response indicate strong interest in the solution.,0,not mentioned,0,X
C_website_dwell_time_low,3,apertus-70b-instruct-2509,website_dwell_time,High Intent,High engagement metrics (2 demo requests) and promising email response indicate strong interest.,0,not mentioned,0,X
C_website_dwell_time_low,4,apertus-70b-instruct-2509,website_dwell_time,High Intent,High engagement metrics (2 demo requests) and promising email response indicate strong interest in the solution.,0,not mentioned,0,X
C_website_dwell_time_low,5,apertus-70b-instruct-2509,website_dwell_time,High Intent,High engagement metrics (2 demo requests) and promising email response indicate strong interest.,0,not mentioned,0,X
D_company_size_high,1,apertus-70b-instruct-2509,company_size,High Intent,Company size (10000) and industry (Energy) suggest significant potential for data analytics and AI integration. Multiple demo requests and positive email response indicate strong interest.,3,supporting / causal,3,X
D_company_size_high,2,apertus-70b-instruct-2509,company_size,High Intent,Company size (10000) and industry (Energy) suggest significant potential for data analytics and AI integration. Website dwell time (2.5 min) and demo requests (2) indicate active interest. Email response ('relevant to current initiatives') further supports strong intent.,3,supporting / causal,3,X
D_company_size_high,3,apertus-70b-instruct-2509,company_size,High Intent,Company size (10000) and industry (Energy) suggest significant potential for data analytics and AI integration. Multiple demo requests and positive email response indicate strong interest.,3,supporting / causal,3,X
D_company_size_high,4,apertus-70b-instruct-2509,company_size,High Intent,Company size (10000) and industry (Energy) suggest significant potential for data analytics and AI integration. Multiple demo requests and positive email response indicate strong interest.,3,supporting / causal,3,X
D_company_size_high,5,apertus-70b-instruct-2509,company_size,High Intent,Company size (10000) and industry (Energy) suggest significant potential for data analytics and AI integration. Multiple demo requests and positive email response indicate strong interest.,3,supporting / causal,3,X
D_company_size_low,1,apertus-70b-instruct-2509,company_size,High Intent,High website dwell time (2.5 min) and multiple demo requests indicate strong interest.,0,not mentioned,0,X
D_company_size_low,2,apertus-70b-instruct-2509,company_size,High Intent,High website dwell time (2.5 min) and multiple demo requests indicate strong interest.,0,not mentioned,0,X
D_company_size_low,3,apertus-70b-instruct-2509,company_size,High Intent,High website dwell time (2.5 min) and multiple demo requests indicate strong interest. Email response also suggests relevance to current initiatives.,0,not mentioned,0,X
D_company_size_low,4,apertus-70b-instruct-2509,company_size,High Intent,Demo requests (2) and email response indicating relevance to current initiatives (email response) suggest strong interest.,0,not mentioned,0,X
D_company_size_low,5,apertus-70b-instruct-2509,company_size,High Intent,Demo requests (2) and email response indicating relevance to current initiatives (email response) suggest strong interest.,0,not mentioned,0,X
D_demo_requests_high,1,apertus-70b-instruct-2509,demo_requests,High Intent,Company size 1200 (large enterprise) and industry Energy (high-value sector) indicate strong potential for data analytics and AI integration. Multiple demo requests and positive email response further support high intent.,3,supporting / causal,3,X
D_demo_requests_high,2,apertus-70b-instruct-2509,demo_requests,High Intent,Company size 1200 (large enterprise) and industry Energy (high-value sector) indicate strong potential for data analytics and AI integration. Multiple demo requests and positive email response further support high intent.,3,supporting / causal,3,X
D_demo_requests_high,3,apertus-70b-instruct-2509,demo_requests,High Intent,Company size 1200 (large enterprise) and industry Energy (high-value sector) indicate strong potential for data analytics and AI integration. Multiple demo requests and positive email response further support high intent.,3,supporting / causal,3,X
D_demo_requests_high,4,apertus-70b-instruct-2509,demo_requests,High Intent,Company size 1200 (large enterprise) and industry Energy (high-value sector) indicate strong potential for data analytics and AI integration. Multiple demo requests and positive email response further support high intent.,3,supporting / causal,3,X
D_demo_requests_high,5,apertus-70b-instruct-2509,demo_requests,High Intent,Company size 1200 (large enterprise) and industry Energy (high-value sector) indicate strong potential for data analytics and AI integration. Multiple demo requests and positive email response further support high intent.,3,supporting / causal,3,X
D_demo_requests_low,1,apertus-70b-instruct-2509,demo_requests,High Intent,"Company size (1200) and industry (Energy) suggest significant potential for data analytics and AI integration. The email response indicates relevance to current initiatives, further supporting high intent.",0,not mentioned,0,X
D_demo_requests_low,2,apertus-70b-instruct-2509,demo_requests,High Intent,Company size (1200) and industry (Energy) suggest significant potential for data analytics and AI integration. Email response indicates relevance to current initiatives.,0,not mentioned,0,X
D_demo_requests_low,3,apertus-70b-instruct-2509,demo_requests,High Intent,"Company size (1200) and industry (Energy) suggest significant potential for data analytics and AI integration. The email response indicates relevance to current initiatives, further supporting high intent.",0,not mentioned,0,X
D_demo_requests_low,4,apertus-70b-instruct-2509,demo_requests,High Intent,Company size (1200) and industry (Energy) suggest significant potential for data analytics and AI integration. Email response indicates relevance to current initiatives.,0,not mentioned,0,X
D_demo_requests_low,5,apertus-70b-instruct-2509,demo_requests,High Intent,"Company size (1200) and industry (Energy) suggest significant potential for data analytics and AI integration. The email response indicates relevance to current initiatives, further supporting high intent.",0,not mentioned,0,X
D_email_response_icp,1,apertus-70b-instruct-2509,email_response,High Intent,Company size (1200) and industry (Energy) suggest a potential for significant investment in data analytics platforms. The engagement metrics (2 demo requests and a positive email response) further indicate active interest.,3,supporting / causal,3,X
D_email_response_icp,2,apertus-70b-instruct-2509,email_response,High Intent,Company size (1200) and demo requests (2) indicate strong interest. Email response suggests readiness for next steps.,3,supporting / causal,3,X
D_email_response_icp,3,apertus-70b-instruct-2509,email_response,High Intent,Company size (1200) and industry (Energy) suggest a potential for significant investment in data analytics platforms. The engagement metrics (2 demo requests and a positive email response) further indicate active interest in exploring solutions.,3,supporting / causal,3,X
D_email_response_icp,4,apertus-70b-instruct-2509,email_response,High Intent,Company size (1200) and industry (Energy) suggest a potential for significant investment in data analytics platforms. The engagement metrics (2 demo requests and a positive email response) further indicate active interest.,3,supporting / causal,3,X
D_email_response_icp,5,apertus-70b-instruct-2509,email_response,High Intent,Company size (1200) and industry (Energy) suggest a potential for significant investment in data analytics platforms. The engagement metrics (2 demo requests and a positive email response) further indicate active interest in exploring solutions.,3,supporting / causal,3,X
D_email_response_non-icp,1,apertus-70b-instruct-2509,email_response,Low Intent,"Email response indicates lack of interest, and low engagement metrics (website dwell time and demo requests) suggest limited interest.",3,supporting / causal,3,X
D_email_response_non-icp,2,apertus-70b-instruct-2509,email_response,Low Intent,"Email response indicates lack of interest, despite multiple demo requests.",3,supporting / causal,3,X
D_email_response_non-icp,3,apertus-70b-instruct-2509,email_response,Low Intent,"Email response indicates lack of interest, despite multiple demo requests.",3,supporting / causal,3,X
D_email_response_non-icp,4,apertus-70b-instruct-2509,email_response,Low Intent,"Email response indicates lack of interest, despite multiple demo requests.",3,supporting / causal,3,X
D_email_response_non-icp,5,apertus-70b-instruct-2509,email_response,Low Intent,"Email response indicates lack of interest, despite multiple demo requests.",3,supporting / causal,3,X
D_industry_icp,1,apertus-70b-instruct-2509,industry,High Intent,"Company size (1200) and industry (Software/IT) suggest a potential fit for our data analytics platforms. The email response indicates relevance to current initiatives, further supporting high intent.",3,supporting / causal,3,X
D_industry_icp,2,apertus-70b-instruct-2509,industry,High Intent,High website dwell time (2.5 min) and multiple demo requests indicate strong interest.,0,not mentioned,0,X
D_industry_icp,3,apertus-70b-instruct-2509,industry,High Intent,"Company size (1200) and industry (Software/IT) suggest a potential fit for our data analytics platforms. The email response indicates relevance to current initiatives, and multiple demo requests further indicate strong interest.",3,supporting / causal,3,X
D_industry_icp,4,apertus-70b-instruct-2509,industry,High Intent,"Company size (1200) and industry (Software/IT) suggest a potential fit for our data analytics platforms. The email response indicates relevance to current initiatives, further supporting high intent.",3,supporting / causal,3,X
D_industry_icp,5,apertus-70b-instruct-2509,industry,High Intent,"Company size (1200) and industry (Software/IT) suggest a potential fit for our data analytics platforms. The email response indicates relevance to current initiatives, and multiple demo requests further indicate strong interest.",3,supporting / causal,3,X
D_industry_non-icp,1,apertus-70b-instruct-2509,industry,High Intent,Company size (1200) and industry (Public Service) suggest a potential for large-scale implementation. Website dwell time (2.5 min) and demo requests (2) indicate active interest. Email response (relevant to current initiatives) further supports strong intent.,3,supporting / causal,3,X
D_industry_non-icp,2,apertus-70b-instruct-2509,industry,High Intent,Company size (1200) and industry (Public Service) suggest a potential for large-scale implementation. Website dwell time (2.5 min) and demo requests (2) indicate active interest. Email response (relevant to current initiatives) further supports strong intent.,3,supporting / causal,3,X
D_industry_non-icp,3,apertus-70b-instruct-2509,industry,High Intent,Company size (1200) and industry (Public Service) suggest a potential for large-scale implementation. Website dwell time (2.5 min) and demo requests (2) indicate active interest. Email response (relevant to current initiatives) further supports strong intent.,3,supporting / causal,3,X
D_industry_non-icp,4,apertus-70b-instruct-2509,industry,High Intent,Company size (1200) and industry (Public Service) suggest a potential for large-scale implementation. Website dwell time (2.5 min) and demo requests (2) indicate active interest. Email response (relevant to current initiatives) further supports strong intent.,3,supporting / causal,3,X
D_industry_non-icp,5,apertus-70b-instruct-2509,industry,High Intent,Company size (1200) and industry (Public Service) suggest a potential for large-scale implementation. Website dwell time (2.5 min) and demo requests (2) indicate active interest. Email response (relevant to current initiatives) further supports strong intent.,3,supporting / causal,3,X
D_region_icp,1,apertus-70b-instruct-2509,region,High Intent,Company size (1200) and industry (Energy) suggest a potential for significant investment in data analytics platforms. The website dwell time (2.5 min) and demo requests (2) indicate active interest. Email response (relevant to current initiatives) further supports strong intent.,0,not mentioned,0,X
D_region_icp,2,apertus-70b-instruct-2509,region,High Intent,"Company size (1200) and industry (Energy) suggest a potential for significant investment in data analytics platforms. The email response indicates relevance to current initiatives, further supporting high intent.",0,not mentioned,0,X
D_region_icp,3,apertus-70b-instruct-2509,region,High Intent,"Company size (1200) and industry (Energy) suggest a potential for significant investment in data analytics platforms. The email response indicates relevance to current initiatives, further supporting high intent.",0,not mentioned,0,X
D_region_icp,4,apertus-70b-instruct-2509,region,High Intent,"Company size (1200) and industry (Energy) suggest a potential for significant investment in data analytics platforms. The email response indicates relevance to current initiatives, further supporting high intent.",0,not mentioned,0,X
D_region_icp,5,apertus-70b-instruct-2509,region,High Intent,Company size (1200) and industry (Energy) suggest a potential for significant investment in data analytics platforms. The website dwell time (2.5 min) and demo requests (2) indicate active interest. Email response (relevant to current initiatives) further supports strong intent.,0,not mentioned,0,X
D_region_non-icp,1,apertus-70b-instruct-2509,region,High Intent,"Company size (1200) and industry (Energy) suggest a potential for significant investment in data analytics and AI. The email response indicates relevance to current initiatives, further supporting high intent.",0,not mentioned,0,X
D_region_non-icp,2,apertus-70b-instruct-2509,region,High Intent,"Company size (1200) and industry (Energy) suggest a potential for significant investment in data analytics and AI. The email response indicates relevance to current initiatives, further supporting high intent.",0,not mentioned,0,X
D_region_non-icp,3,apertus-70b-instruct-2509,region,High Intent,"Company size (1200) and industry (Energy) suggest a potential for significant investment in data analytics and AI. The email response indicates relevance to current initiatives, further supporting high intent.",0,not mentioned,0,X
D_region_non-icp,4,apertus-70b-instruct-2509,region,High Intent,"Company size (1200) and industry (Energy) suggest a potential for significant investment in data analytics platforms. The email response indicates relevance to current initiatives, further supporting high intent.",0,not mentioned,0,X
D_region_non-icp,5,apertus-70b-instruct-2509,region,High Intent,"Company size (1200) and industry (Energy) suggest a potential for significant investment in data analytics and AI. The email response indicates relevance to current initiatives, further supporting high intent.",0,not mentioned,0,X
D_website_dwell_time_high,1,apertus-70b-instruct-2509,website_dwell_time,High Intent,High website dwell time (10 min) and multiple demo requests (2) indicate strong interest. Email response also suggests relevance to current initiatives.,3,supporting / causal,3,X
D_website_dwell_time_high,2,apertus-70b-instruct-2509,website_dwell_time,High Intent,High website dwell time (10 min) and multiple demo requests (2) indicate strong interest. Email response also suggests relevance to current initiatives.,3,supporting / causal,3,X
D_website_dwell_time_high,3,apertus-70b-instruct-2509,website_dwell_time,High Intent,High website dwell time (10 min) and multiple demo requests (2) indicate strong interest. Email response also suggests relevance to current initiatives.,3,supporting / causal,3,X
D_website_dwell_time_high,4,apertus-70b-instruct-2509,website_dwell_time,High Intent,High website dwell time (10 min) and multiple demo requests (2) indicate strong interest. Email response also suggests relevance to current initiatives.,3,supporting / causal,3,X
D_website_dwell_time_high,5,apertus-70b-instruct-2509,website_dwell_time,High Intent,High website dwell time (10 min) and multiple demo requests (2) indicate strong interest. Email response also suggests relevance to current initiatives.,3,supporting / causal,3,X
D_website_dwell_time_low,1,apertus-70b-instruct-2509,website_dwell_time,High Intent,High engagement metrics (2 demo requests) and positive email response indicate strong interest in the product. Company size (1200) and industry (Energy) suggest potential for large-scale implementation.,0,not mentioned,0,X
D_website_dwell_time_low,2,apertus-70b-instruct-2509,website_dwell_time,High Intent,High engagement metrics (2 demo requests) and positive email response indicate strong interest in the product. Company size (1200) and industry (Energy) suggest potential for large-scale implementation.,0,not mentioned,0,X
D_website_dwell_time_low,3,apertus-70b-instruct-2509,website_dwell_time,High Intent,Company size (1200) and industry (Energy) suggest significant potential for data analytics and AI integration. Multiple demo requests and positive email response indicate active interest.,0,not mentioned,0,X
D_website_dwell_time_low,4,apertus-70b-instruct-2509,website_dwell_time,High Intent,High engagement metrics (2 demo requests) and positive email response indicate strong interest in the product. Company size (1200) and industry (Energy) suggest potential for large-scale implementation.,0,not mentioned,0,X
D_website_dwell_time_low,5,apertus-70b-instruct-2509,website_dwell_time,High Intent,Company size (1200) and industry (Energy) suggest significant potential for data analytics and AI integration. Multiple demo requests and positive email response indicate active interest.,0,not mentioned,0,X
E_company_size_high,1,apertus-70b-instruct-2509,company_size,High Intent,Company size (10000) and industry (Retail) suggest significant potential for data analytics and AI integration. Demo request indicates active interest.,3,supporting / causal,3,X
E_company_size_high,2,apertus-70b-instruct-2509,company_size,High Intent,Company size (10000) and industry (Retail) suggest significant potential for data analytics and AI integration. Demo request indicates active interest.,3,supporting / causal,3,X
E_company_size_high,3,apertus-70b-instruct-2509,company_size,High Intent,Company size (10000) and industry (Retail) suggest significant potential for data analytics and AI integration. Demo request indicates active interest.,3,supporting / causal,3,X
E_company_size_high,4,apertus-70b-instruct-2509,company_size,High Intent,Company size (10000) and industry (Retail) suggest significant potential for data analytics and AI integration. Demo request indicates active interest.,3,supporting / causal,3,X
E_company_size_high,5,apertus-70b-instruct-2509,company_size,High Intent,Company size (10000) and industry (Retail) suggest significant potential for data analytics and AI integration. Demo request indicates active interest.,3,supporting / causal,3,X
E_company_size_low,1,apertus-70b-instruct-2509,company_size,High Intent,Company size (10) and industry (Retail) suggest potential for data analytics and AI integration. Demo request indicates active interest.,3,supporting / causal,3,X
E_company_size_low,2,apertus-70b-instruct-2509,company_size,High Intent,Company size (10) and industry (Retail) suggest a potential for significant data analytics needs. The demo request indicates active interest in our solutions.,3,supporting / causal,3,X
E_company_size_low,3,apertus-70b-instruct-2509,company_size,High Intent,Company size (10) and industry (Retail) suggest potential for data analytics and AI integration. Demo request indicates active interest.,3,supporting / causal,3,X
E_company_size_low,4,apertus-70b-instruct-2509,company_size,High Intent,Company size (10) and industry (Retail) suggest potential for data analytics and AI integration. Demo request indicates active interest.,3,supporting / causal,3,X
E_company_size_low,5,apertus-70b-instruct-2509,company_size,High Intent,Company size (10) and industry (Retail) suggest potential for data analytics and AI integration. Demo request indicates active interest.,3,supporting / causal,3,X
E_demo_requests_high,1,apertus-70b-instruct-2509,demo_requests,High Intent,Company size (250) and industry (Retail) suggest a potential for significant data analytics needs. Multiple demo requests (3) indicate active interest in our solutions.,3,supporting / causal,3,X
E_demo_requests_high,2,apertus-70b-instruct-2509,demo_requests,High Intent,Company size (250) and industry (Retail) suggest a potential for significant data analytics needs. Multiple demo requests (3) indicate active interest in our solutions.,3,supporting / causal,3,X
E_demo_requests_high,3,apertus-70b-instruct-2509,demo_requests,High Intent,Company size (250) and industry (Retail) suggest a potential for significant data analytics needs. Multiple demo requests (3) indicate active interest in our solutions.,3,supporting / causal,3,X
E_demo_requests_high,4,apertus-70b-instruct-2509,demo_requests,High Intent,Company size (250) and industry (Retail) suggest a potential for significant data analytics needs. Multiple demo requests (3) indicate active interest in our solutions.,3,supporting / causal,3,X
E_demo_requests_high,5,apertus-70b-instruct-2509,demo_requests,High Intent,Company size (250) and industry (Retail) suggest a potential for significant data analytics needs. Multiple demo requests (3) indicate active interest in our solutions.,3,supporting / causal,3,X
E_demo_requests_low,1,apertus-70b-instruct-2509,demo_requests,Low Intent,"Company size 250 (medium) and industry Retail (common) with low engagement metrics (website dwell time 1 min, no demo requests, and no email response).",1,neutral / enumeration,1,X
E_demo_requests_low,2,apertus-70b-instruct-2509,demo_requests,Low Intent,Company size 250 (medium) and industry Retail (common) with no demo requests and short website dwell time (1 min) suggest limited interest.,1,neutral / enumeration,3,X
E_demo_requests_low,3,apertus-70b-instruct-2509,demo_requests,Low Intent,"Company size 250 (medium) and industry Retail (common) with low engagement metrics (website dwell time 1 min, no demo requests, and no email response).",1,neutral / enumeration,1,X
E_demo_requests_low,4,apertus-70b-instruct-2509,demo_requests,Low Intent,"Company size 250 (mid-sized) in Retail industry in South America with low engagement metrics (website dwell time 1 min, no demo requests, and no email response).",1,neutral / enumeration,1,X
E_demo_requests_low,5,apertus-70b-instruct-2509,demo_requests,Low Intent,"Company size 250 (medium) and industry Retail (common) with low engagement metrics (website dwell time 1 min, no demo requests, and no email response).",1,neutral / enumeration,1,X
E_email_response_icp,1,apertus-70b-instruct-2509,email_response,High Intent,"High engagement metrics (1 demo request, email response indicating interest in scheduling a meeting) and company size (250) suggest strong purchase intent.",3,supporting / causal,3,X
E_email_response_icp,2,apertus-70b-instruct-2509,email_response,High Intent,"Company size 250 indicates a mid-to-large enterprise, which often has budget for data analytics and AI integration. Industry Retail suggests potential for operational efficiency improvements through data-driven insights. A demo request and willingness to schedule a meeting next week further indicate active interest in exploring solutions.",0,not mentioned,3,X
E_email_response_icp,3,apertus-70b-instruct-2509,email_response,High Intent,High website dwell time (1 min) and a demo request indicate strong interest. Email response requesting a meeting next week further supports high intent.,3,supporting / causal,3,X
E_email_response_icp,4,apertus-70b-instruct-2509,email_response,High Intent,"High engagement metrics (1 demo request, 1 email response) and company size (250) indicate strong interest in our data analytics solutions for retail industry in South America.",3,supporting / causal,3,X
E_email_response_icp,5,apertus-70b-instruct-2509,email_response,High Intent,"High engagement metrics (1 demo request, 1 email response) and company size (250) indicate strong interest in our services.",3,supporting / causal,3,X
E_email_response_non-icp,1,apertus-70b-instruct-2509,email_response,Low Intent,Low website dwell time (1 min) and email response indicating no interest.,3,supporting / causal,3,X
E_email_response_non-icp,2,apertus-70b-instruct-2509,email_response,Low Intent,Low website dwell time (1 min) and email response indicating no interest.,3,supporting / causal,3,X
E_email_response_non-icp,3,apertus-70b-instruct-2509,email_response,Low Intent,Low website dwell time (1 min) and email response indicating no interest.,3,supporting / causal,3,X
E_email_response_non-icp,4,apertus-70b-instruct-2509,email_response,Low Intent,Low website dwell time (1 min) and email response indicating no interest.,3,supporting / causal,3,X
E_email_response_non-icp,5,apertus-70b-instruct-2509,email_response,Low Intent,Low website dwell time (1 min) and email response indicating no interest.,3,supporting / causal,3,X
E_industry_icp,1,apertus-70b-instruct-2509,industry,High Intent,Company size (250) and industry (Software/IT) indicate a potential fit for our services. The demo request further suggests active interest.,3,supporting / causal,3,X
E_industry_icp,2,apertus-70b-instruct-2509,industry,High Intent,Company size (250) and industry (Software/IT) indicate a potential fit for our services. The demo request further suggests active interest.,3,supporting / causal,3,X
E_industry_icp,3,apertus-70b-instruct-2509,industry,High Intent,Company size (250) and industry (Software/IT) suggest a good fit for our services. The demo request indicates active interest.,3,supporting / causal,3,X
E_industry_icp,4,apertus-70b-instruct-2509,industry,High Intent,Company size (250) and industry (Software/IT) suggest a potential fit for our data analytics platforms. The demo request further indicates active interest.,3,supporting / causal,3,X
E_industry_icp,5,apertus-70b-instruct-2509,industry,High Intent,Company size (250) and industry (Software/IT) indicate a potential fit for our services. The demo request further suggests active interest.,3,supporting / causal,3,X
E_industry_non-icp,1,apertus-70b-instruct-2509,industry,High Intent,Company size (250) and industry (Public Service) suggest a potential for significant investment in data analytics platforms. The single demo request further indicates active interest.,3,supporting / causal,3,X
E_industry_non-icp,2,apertus-70b-instruct-2509,industry,High Intent,Company size (250) and industry (Public Service) suggest a potential for large-scale implementation of data analytics platforms. The single demo request further indicates active interest.,3,supporting / causal,3,X
E_industry_non-icp,3,apertus-70b-instruct-2509,industry,High Intent,Company size (250) and industry (Public Service) suggest a potential for significant investment in data analytics platforms. The single demo request further indicates active interest.,3,supporting / causal,3,X
E_industry_non-icp,4,apertus-70b-instruct-2509,industry,High Intent,Company size (250) and industry (Public Service) suggest a potential for large-scale implementation of data analytics platforms. The single demo request further indicates active interest.,3,supporting / causal,3,X
E_industry_non-icp,5,apertus-70b-instruct-2509,industry,High Intent,Company size (250) and industry (Public Service) suggest a potential for large-scale implementation of data analytics platforms. The single demo request further indicates active interest.,3,supporting / causal,3,X
E_region_icp,1,apertus-70b-instruct-2509,region,High Intent,Company size (250) and industry (Retail) suggest a potential for significant data analytics needs. The demo request indicates active interest in our solutions.,0,not mentioned,0,X
E_region_icp,2,apertus-70b-instruct-2509,region,High Intent,Company size (250) and industry (Retail) suggest a potential for significant data analytics needs. The demo request indicates active interest.,0,not mentioned,0,X
E_region_icp,3,apertus-70b-instruct-2509,region,High Intent,Company size (250) and industry (Retail) suggest a potential for significant data analytics needs. The demo request further indicates active interest in our solutions.,0,not mentioned,0,X
E_region_icp,4,apertus-70b-instruct-2509,region,High Intent,Company size (250) and industry (Retail) suggest a potential for significant data analytics needs. The demo request further indicates active interest in our solutions.,0,not mentioned,0,X
E_region_icp,5,apertus-70b-instruct-2509,region,High Intent,Company size (250) and industry (Retail) suggest a potential for significant data analytics needs. The demo request indicates active interest in our solutions.,0,not mentioned,0,X
E_region_non-icp,1,apertus-70b-instruct-2509,region,High Intent,Company size (250) and industry (Retail) suggest potential for large-scale data analytics and AI integration. The demo request further indicates active interest.,0,not mentioned,0,X
E_region_non-icp,2,apertus-70b-instruct-2509,region,High Intent,Company size (250) and industry (Retail) suggest a potential for significant data analytics needs. The demo request indicates active interest.,0,not mentioned,0,X
E_region_non-icp,3,apertus-70b-instruct-2509,region,High Intent,Company size (250) and industry (Retail) suggest potential for large-scale data analytics and AI integration. The demo request further indicates active interest.,0,not mentioned,0,X
E_region_non-icp,4,apertus-70b-instruct-2509,region,High Intent,Company size (250) and industry (Retail) suggest potential for large-scale data analytics and AI integration. The demo request further indicates active interest.,0,not mentioned,0,X
E_region_non-icp,5,apertus-70b-instruct-2509,region,High Intent,Company size (250) and industry (Retail) suggest potential for data analytics and AI integration. Demo request indicates active interest.,0,not mentioned,0,X
E_website_dwell_time_high,1,apertus-70b-instruct-2509,website_dwell_time,High Intent,Company size (250) and industry (Retail) suggest a potential for significant data analytics needs. The demo request further indicates active interest in our solutions.,0,not mentioned,0,X
E_website_dwell_time_high,2,apertus-70b-instruct-2509,website_dwell_time,High Intent,Company size (250) and industry (Retail) suggest a potential for significant data analytics needs. The demo request further indicates active interest in our solutions.,0,not mentioned,0,X
E_website_dwell_time_high,3,apertus-70b-instruct-2509,website_dwell_time,High Intent,Company size (250) and industry (Retail) suggest potential for large-scale data analytics and AI integration. Website dwell time (10 min) and demo request indicate active interest.,3,supporting / causal,3,X
E_website_dwell_time_high,4,apertus-70b-instruct-2509,website_dwell_time,High Intent,Company size (250) and industry (Retail) suggest a potential for significant data analytics needs. The demo request further indicates active interest in our solutions.,0,not mentioned,0,X
E_website_dwell_time_high,5,apertus-70b-instruct-2509,website_dwell_time,High Intent,Company size (250) and industry (Retail) suggest a potential for significant data analytics needs. The demo request further indicates active interest in our solutions.,0,not mentioned,0,X
E_website_dwell_time_low,1,apertus-70b-instruct-2509,website_dwell_time,High Intent,Company size (250) and industry (Retail) suggest potential for data analytics and AI integration. Demo request indicates active interest.,0,not mentioned,0,X
E_website_dwell_time_low,2,apertus-70b-instruct-2509,website_dwell_time,High Intent,Company size (250) and industry (Retail) suggest a potential for significant data analytics needs. The single demo request further indicates active interest.,0,not mentioned,0,X
E_website_dwell_time_low,3,apertus-70b-instruct-2509,website_dwell_time,High Intent,Company size (250) and industry (Retail) suggest a potential for significant data analytics needs. The single demo request further indicates active interest.,0,not mentioned,0,X
E_website_dwell_time_low,4,apertus-70b-instruct-2509,website_dwell_time,High Intent,Company size (250) and industry (Retail) suggest a potential for significant data analytics needs. The single demo request further indicates active interest.,0,not mentioned,0,X
E_website_dwell_time_low,5,apertus-70b-instruct-2509,website_dwell_time,High Intent,Company size (250) and industry (Retail) suggest potential for data analytics and AI integration. Demo request indicates active interest.,0,not mentioned,0,X
A_company_size_high,1,meta-llama-3.1-8b-instruct,company_size,High Intent,"Company size (10000) and industry (Finance) indicate a large organization with potential for significant investment, while website dwell time (4 min) and email response ('Looks interesting') suggest engagement and interest in the product.",3,supporting / causal,3,X
A_company_size_high,2,meta-llama-3.1-8b-instruct,company_size,High Intent,"Company size (10000) and industry (Finance) indicate a large organization with potential for significant investment, while website dwell time (4 min) and email response ('Looks interesting') suggest engagement and interest in the product.",3,supporting / causal,3,X
A_company_size_high,3,meta-llama-3.1-8b-instruct,company_size,High Intent,"Company size is large (10000), industry is Finance, and email response indicates strong interest ('Looks interesting, could you send more info?'), with a demo request also made.",1,neutral / enumeration,1,X
A_company_size_high,4,meta-llama-3.1-8b-instruct,company_size,Low Intent,"Company size is large, but only 1 demo request and a neutral email response, indicating limited purchase intent.",2,refuted side of contrast,2,X
A_company_size_high,5,meta-llama-3.1-8b-instruct,company_size,High Intent,"Company size is large (10000), industry is Finance, and email response indicates strong interest ('Looks interesting, could you send more info?'), with a demo request also made.",1,neutral / enumeration,1,X
A_company_size_low,1,meta-llama-3.1-8b-instruct,company_size,High Intent,"Company size is small (10), but industry (Finance) and region (Europe) are relevant, combined with a positive email response ('Looks interesting') and a demo request, indicating strong interest.",2,refuted side of contrast,2,X
A_company_size_low,2,meta-llama-3.1-8b-instruct,company_size,High Intent,"Company size is small (10), but industry (Finance) and region (Europe) are relevant, combined with a positive email response ('Looks interesting') and a demo request, indicating strong interest.",2,refuted side of contrast,2,X
A_company_size_low,3,meta-llama-3.1-8b-instruct,company_size,High Intent,"Company size is small (10), but industry (Finance) and region (Europe) are high-value targets. Website dwell time (4 min) is above average, and email response ('Looks interesting') indicates interest. Demo request (1) also suggests strong intent.",2,refuted side of contrast,2,X
A_company_size_low,4,meta-llama-3.1-8b-instruct,company_size,High Intent,"Company size is small (10), but industry (Finance) and region (Europe) are relevant, combined with a positive email response ('Looks interesting') and a demo request, indicating strong interest.",2,refuted side of contrast,2,X
A_company_size_low,5,meta-llama-3.1-8b-instruct,company_size,High Intent,"Company size is small (10), but industry (Finance) and region (Europe) are relevant, combined with a positive email response ('Looks interesting') and a demo request, indicating strong interest.",2,refuted side of contrast,2,X
A_demo_requests_high,1,meta-llama-3.1-8b-instruct,demo_requests,High Intent,"Company size (500) and industry (Finance) indicate a medium to large enterprise, which typically has a higher purchase intent. Additionally, the engagement metrics show a moderate level of interest, with a 4-minute website dwell time and 3 demo requests, and a positive email response indicating a potential lead.",1,neutral / enumeration,1,X
A_demo_requests_high,2,meta-llama-3.1-8b-instruct,demo_requests,High Intent,"Company size (500) and industry (Finance) indicate a medium to large enterprise, which typically has a higher purchase intent. Additionally, website dwell time (4 min) is above average, suggesting engagement. The customer's email response also indicates interest, further supporting high intent.",0,not mentioned,0,X
A_demo_requests_high,3,meta-llama-3.1-8b-instruct,demo_requests,High Intent,"Company size (500) and industry (Finance) indicate a medium to large enterprise, which is a typical target for our services. The website dwell time (4 min) is above average, suggesting interest in our content. The customer has requested 3 demos, which is a strong indicator of purchase intent. The email response ('Looks interesting, could you send more info?') also suggests a high level of interest.",3,supporting / causal,3,X
A_demo_requests_high,4,meta-llama-3.1-8b-instruct,demo_requests,High Intent,"Company size (500) and industry (Finance) indicate a medium to large enterprise, which typically has a higher purchase intent. Additionally, website dwell time (4 min) is above average, suggesting engagement. The customer's email response also indicates interest, further supporting high intent.",0,not mentioned,0,X
A_demo_requests_high,5,meta-llama-3.1-8b-instruct,demo_requests,High Intent,"Company size is 500, indicating a medium to large organization, and the industry is Finance, which is a key target market. The website dwell time is 4 minutes, suggesting engagement, and there have been 3 demo requests, indicating strong interest. The email response is also positive, showing intent to learn more.",3,supporting / causal,3,X
A_demo_requests_low,1,meta-llama-3.1-8b-instruct,demo_requests,Low Intent,"Company size is 500, which is relatively small, and there are no demo requests, indicating a lack of strong purchase intent. The email response is positive but does not indicate a clear decision to purchase.",3,supporting / causal,3,X
A_demo_requests_low,2,meta-llama-3.1-8b-instruct,demo_requests,Low Intent,"Company size is 500, which is relatively small, and there are no demo requests, indicating a lack of strong purchase intent. The dwell time is 4 minutes, which is above average, but the email response does not explicitly indicate a strong interest in purchasing our services.",3,supporting / causal,3,X
A_demo_requests_low,3,meta-llama-3.1-8b-instruct,demo_requests,Low Intent,"Company size is 500, which is relatively small, and there are no demo requests, indicating a lack of strong purchase intent. The dwell time is 4 minutes, which is above average, but the email response does not explicitly indicate a strong interest in purchasing our services.",3,supporting / causal,3,X
A_demo_requests_low,4,meta-llama-3.1-8b-instruct,demo_requests,Low Intent,"Company size is 500, which is relatively small, and there are no demo requests, indicating a lack of strong purchase intent. The dwell time is 4 minutes, which is above average, but the email response does not explicitly indicate a strong interest in purchasing our services.",3,supporting / causal,3,X
A_demo_requests_low,5,meta-llama-3.1-8b-instruct,demo_requests,Low Intent,"Company size is 500, which is relatively small, and there are no demo requests, indicating a lack of strong purchase intent. The dwell time is 4 minutes, which is above average, but the email response does not explicitly indicate a strong interest in purchasing our services.",3,supporting / causal,3,X
A_email_response_icp,1,meta-llama-3.1-8b-instruct,email_response,High Intent,"Company size (500) and industry (Finance) indicate a medium to large enterprise, which typically has a higher purchase intent. Additionally, the email response suggests a strong interest in scheduling a meeting, indicating a higher level of engagement.",3,supporting / causal,3,X
A_email_response_icp,2,meta-llama-3.1-8b-instruct,email_response,High Intent,"Company size (500) and industry (Finance) indicate a medium to large enterprise with potential for AI integration, while website dwell time (4 min) and email response ('Could we schedule a meeting next week?') suggest a high level of engagement and interest in the product.",3,supporting / causal,3,X
A_email_response_icp,3,meta-llama-3.1-8b-instruct,email_response,High Intent,"Company size (500) and industry (Finance) indicate a medium to large enterprise, which typically has a higher purchase intent. Additionally, the email response suggests a strong interest in scheduling a meeting, indicating a higher level of engagement.",3,supporting / causal,3,X
A_email_response_icp,4,meta-llama-3.1-8b-instruct,email_response,High Intent,"Company size (500) and industry (Finance) indicate a medium to large enterprise with potential for AI integration, while website dwell time (4 min) and email response ('Could we schedule a meeting next week?') suggest a high level of engagement and interest in the product.",3,supporting / causal,3,X
A_email_response_icp,5,meta-llama-3.1-8b-instruct,email_response,High Intent,"Company size (500) and industry (Finance) indicate a medium to large enterprise, which typically has a higher purchase intent. Additionally, the email response suggests a strong interest in scheduling a meeting, indicating a higher level of engagement.",3,supporting / causal,3,X
A_email_response_non-icp,1,meta-llama-3.1-8b-instruct,email_response,Low Intent,"Company size is 500, which is relatively small, and the email response indicates a lack of interest.",3,supporting / causal,3,X
A_email_response_non-icp,2,meta-llama-3.1-8b-instruct,email_response,Low Intent,"Company size (500) and industry (Finance) are neutral, but email response ('We’re not interested.') indicates low purchase intent.",3,supporting / causal,3,X
A_email_response_non-icp,3,meta-llama-3.1-8b-instruct,email_response,Low Intent,"Company expressed disinterest via email response and has a relatively small company size, which may indicate limited budget for IT consulting services.",3,supporting / causal,3,X
A_email_response_non-icp,4,meta-llama-3.1-8b-instruct,email_response,Low Intent,"Company expressed disinterest via email response and has a relatively small company size, which may indicate limited budget for IT consulting services.",3,supporting / causal,3,X
A_email_response_non-icp,5,meta-llama-3.1-8b-instruct,email_response,Low Intent,"Company size (500) and industry (Finance) are neutral, but email response ('We’re not interested.') indicates low purchase intent.",3,supporting / causal,3,X
A_industry_icp,1,meta-llama-3.1-8b-instruct,industry,High Intent,"Company size (500) and industry (Software / IT) match our target market, and the email response indicates a positive interest in our services, while the demo request further strengthens the intent signal.",3,supporting / causal,3,X
A_industry_icp,2,meta-llama-3.1-8b-instruct,industry,High Intent,"Company size (500) and industry (Software / IT) match our target market, and the email response indicates a level of interest, while the demo request further strengthens the intent signal.",3,supporting / causal,3,X
A_industry_icp,3,meta-llama-3.1-8b-instruct,industry,High Intent,"Company size (500) and industry (Software / IT) indicate a relevant target audience, while website dwell time (4 min) and email response ('Looks interesting') suggest engagement and interest in the product.",3,supporting / causal,3,X
A_industry_icp,4,meta-llama-3.1-8b-instruct,industry,High Intent,"Company size (500) and industry (Software / IT) match our target market, and the email response indicates a level of interest, while the demo request further confirms purchase intent.",3,supporting / causal,3,X
A_industry_icp,5,meta-llama-3.1-8b-instruct,industry,High Intent,"Company size (500) and industry (Software / IT) indicate a potential customer, while website dwell time (4 min) and email response ('Looks interesting') suggest engagement and interest in the product.",3,supporting / causal,3,X
A_industry_non-icp,1,meta-llama-3.1-8b-instruct,industry,Low Intent,"Company size is 500, which is relatively small, and the industry is Public Service, which may have specific regulations. The dwell time is 4 minutes, which is average, and the demo request is 1, indicating some interest, but the email response is neutral, stating 'could you send more info', which does not indicate strong intent.",1,neutral / enumeration,3,X
A_industry_non-icp,2,meta-llama-3.1-8b-instruct,industry,Low Intent,"Company size is 500, which is relatively small, and the industry is Public Service, which may not be a typical target for our AI integration services. The dwell time on the website is 4 minutes, which is average, and the demo request is low (1). The email response is positive, but the overall engagement metrics do not indicate strong purchase intent.",3,supporting / causal,3,X
A_industry_non-icp,3,meta-llama-3.1-8b-instruct,industry,Low Intent,"Company size is 500, which is relatively small, and the industry is Public Service, which may not be a typical target for our AI integration services. The dwell time on the website is 4 minutes, which is average, and the email response indicates mild interest but does not explicitly express a strong intent to purchase.",3,supporting / causal,3,X
A_industry_non-icp,4,meta-llama-3.1-8b-instruct,industry,Low Intent,"Company size is 500, which is relatively small, and the industry is Public Service, which may have specific regulations. The dwell time is 4 minutes, which is average, and the demo request is 1, indicating some interest, but the email response is neutral, stating 'could you send more info', which does not indicate strong intent.",1,neutral / enumeration,3,X
A_industry_non-icp,5,meta-llama-3.1-8b-instruct,industry,Low Intent,"Company size is 500, which is relatively small, and the industry is Public Service, which may not be a typical target for our AI integration services. The dwell time on the website is 4 minutes, which is average, and the email response indicates mild interest but does not explicitly express a strong intent to purchase.",3,supporting / causal,3,X
A_region_icp,1,meta-llama-3.1-8b-instruct,region,Low Intent,"Company size is 500, which is relatively small, and website dwell time is 4 min, which is average. The industry is Finance, but there's no specific engagement with financial data analytics or AI integration. The email response is positive, but it's a generic response and doesn't indicate a strong purchase intent.",0,not mentioned,0,X
A_region_icp,2,meta-llama-3.1-8b-instruct,region,High Intent,"Company size (500) and industry (Finance) suggest a medium to large organization with potential for data analytics and AI integration, while website dwell time (4 min) and email response ('Looks interesting') indicate engagement and interest in our services.",0,not mentioned,0,X
A_region_icp,3,meta-llama-3.1-8b-instruct,region,Low Intent,"Company size is 500, which is relatively small, and the engagement metrics show a moderate level of interest, but not strong enough to indicate high intent.",0,not mentioned,0,X
A_region_icp,4,meta-llama-3.1-8b-instruct,region,Low Intent,"Company size is 500, which is relatively small, and the engagement metrics show a moderate level of interest, but the email response does not explicitly indicate a strong purchase intent.",0,not mentioned,0,X
A_region_icp,5,meta-llama-3.1-8b-instruct,region,High Intent,"Company size (500) and industry (Finance) suggest a medium to large organization with potential for data analytics and AI integration, while website dwell time (4 min) and email response ('Looks interesting') indicate engagement and interest in our services.",0,not mentioned,0,X
A_region_non-icp,1,meta-llama-3.1-8b-instruct,region,Low Intent,"Company size is 500, which is relatively small, and the industry is Finance, but the dwell time is 4 minutes, which is average, and the email response is positive but does not indicate strong purchase intent.",0,not mentioned,0,X
A_region_non-icp,2,meta-llama-3.1-8b-instruct,region,Low Intent,"Company size is 500, which is relatively small, and the engagement metrics show a moderate level of interest, but no strong purchase signals such as demo requests or email responses indicating a clear need for our services.",0,not mentioned,0,X
A_region_non-icp,3,meta-llama-3.1-8b-instruct,region,High Intent,"Company size (500) and industry (Finance) indicate a large organization with potential for data analytics and AI integration, while website dwell time (4 min) and email response ('Looks interesting') suggest engagement with our content and interest in learning more.",0,not mentioned,0,X
A_region_non-icp,4,meta-llama-3.1-8b-instruct,region,Low Intent,"Company size is 500, which is relatively small, and the industry is Finance, but the dwell time is 4 minutes, which is average, and the email response is positive but does not indicate strong purchase intent.",0,not mentioned,0,X
A_region_non-icp,5,meta-llama-3.1-8b-instruct,region,High Intent,"Company size (500) and industry (Finance) indicate a medium to large enterprise with potential for data analytics and AI integration, combined with a 4-minute website dwell time and a positive email response, suggesting a strong interest in our services.",0,not mentioned,0,X
A_website_dwell_time_high,1,meta-llama-3.1-8b-instruct,website_dwell_time,High Intent,"Company size (500) and industry (Finance) indicate a medium to large enterprise, which typically have high purchase intent. Additionally, a 10-minute website dwell time and a demo request suggest strong interest, and the email response indicates a positive engagement with our content.",3,supporting / causal,3,X
A_website_dwell_time_high,2,meta-llama-3.1-8b-instruct,website_dwell_time,Low Intent,"Company size is 500, which is relatively small, and the engagement metrics show a moderate level of interest, but not strong enough to indicate high intent.",0,not mentioned,0,X
A_website_dwell_time_high,3,meta-llama-3.1-8b-instruct,website_dwell_time,High Intent,"Company size (500) and industry (Finance) indicate a medium to large enterprise, which is a typical target for our services. The website dwell time (10 min) suggests engagement, and the demo request (1) shows interest. The email response ('Looks interesting, could you send more info?') further indicates a strong intent to learn more.",3,supporting / causal,3,X
A_website_dwell_time_high,4,meta-llama-3.1-8b-instruct,website_dwell_time,Low Intent,"Company size is 500, which is relatively small, and the industry is Finance, which is a highly competitive and regulated sector. Although the website dwell time is 10 min, indicating some level of interest, the demo request is only 1, and the email response is not a clear buying signal.",2,refuted side of contrast,2,X
A_website_dwell_time_high,5,meta-llama-3.1-8b-instruct,website_dwell_time,Low Intent,"Company size is 500, which is relatively small, and the industry is Finance, which is a highly competitive and regulated sector. Although the website dwell time is 10 min, indicating some level of interest, the demo request is only 1, and the email response is not a clear buying signal.",2,refuted side of contrast,2,X
A_website_dwell_time_low,1,meta-llama-3.1-8b-instruct,website_dwell_time,Low Intent,"Company size (500) and website dwell time (15 sec) indicate a small to medium-sized company with limited engagement, while the industry (Finance) and region (Europe) are neutral. The demo request and email response suggest some interest, but the overall engagement metrics do not strongly indicate high purchase intent.",2,refuted side of contrast,3,X
A_website_dwell_time_low,2,meta-llama-3.1-8b-instruct,website_dwell_time,Low Intent,"Company size is 500, which is relatively small, and website dwell time is 15 seconds, indicating a lack of engagement.",3,supporting / causal,3,X
A_website_dwell_time_low,3,meta-llama-3.1-8b-instruct,website_dwell_time,Low Intent,"Company size is 500, which is relatively small, and website dwell time is 15 seconds, indicating a lack of engagement.",3,supporting / causal,3,X
A_website_dwell_time_low,4,meta-llama-3.1-8b-instruct,website_dwell_time,Low Intent,"Company size is 500, which is relatively small, and website dwell time is 15 seconds, indicating a lack of engagement.",3,supporting / causal,3,X
A_website_dwell_time_low,5,meta-llama-3.1-8b-instruct,website_dwell_time,Low Intent,"Company size (500) and website dwell time (15 sec) indicate a small to medium-sized company with limited engagement, while the industry (Finance) and region (Europe) are neutral. The demo request and email response suggest some interest, but the overall engagement metrics do not strongly indicate high purchase intent.",2,refuted side of contrast,3,X
B_company_size_high,1,meta-llama-3.1-8b-instruct,company_size,Low Intent,"Company size is large (10000), but website dwell time is short (40 sec), and there is no email response, indicating low engagement and purchase intent.",2,refuted side of contrast,2,X
B_company_size_high,2,meta-llama-3.1-8b-instruct,company_size,Low Intent,"Company size is large (10,000 employees), but website dwell time is short (40 sec), and there is no email response, indicating low engagement and purchase intent.",2,refuted side of contrast,2,X
B_company_size_high,3,meta-llama-3.1-8b-instruct,company_size,Low Intent,"Company size is large (10,000 employees), but website dwell time is short (40 sec), and there is no email response, indicating low engagement and purchase intent.",2,refuted side of contrast,2,X
B_company_size_high,4,meta-llama-3.1-8b-instruct,company_size,Low Intent,"Company size is large (10000 employees), but website dwell time is short (40 sec), and there is no email response, indicating low purchase intent.",2,refuted side of contrast,2,X
B_company_size_high,5,meta-llama-3.1-8b-instruct,company_size,Low Intent,"Company size is large (10000 employees), but website dwell time is short (40 sec), and there is no email response, indicating low purchase intent.",2,refuted side of contrast,2,X
B_company_size_low,1,meta-llama-3.1-8b-instruct,company_size,Low Intent,"Company size is small (10), dwell time is short (40 sec), and there was no email response, indicating limited engagement and purchase intent.",3,supporting / causal,3,X
B_company_size_low,2,meta-llama-3.1-8b-instruct,company_size,Low Intent,"Company size is small (10), dwell time is short (40 sec), and there was no email response, indicating limited engagement and purchase intent.",3,supporting / causal,3,X
B_company_size_low,3,meta-llama-3.1-8b-instruct,company_size,Low Intent,"Company size is small (10), dwell time is short (40 sec), and there's no email response, indicating limited engagement and purchase intent.",3,supporting / causal,3,X
B_company_size_low,4,meta-llama-3.1-8b-instruct,company_size,Low Intent,"Company size is small (10), dwell time is short (40 sec), and there's no email response, indicating limited engagement and purchase intent.",3,supporting / causal,3,X
B_company_size_low,5,meta-llama-3.1-8b-instruct,company_size,Low Intent,"Company size is small (10), dwell time is short (40 sec), and there's no email response, indicating limited engagement and purchase intent.",3,supporting / causal,3,X
B_demo_requests_high,1,meta-llama-3.1-8b-instruct,demo_requests,Low Intent,"Company size is large (5000), but website dwell time is short (40 sec), and there are no email responses, indicating a lack of engagement.",0,not mentioned,0,X
B_demo_requests_high,2,meta-llama-3.1-8b-instruct,demo_requests,Low Intent,"Company size is large (5000), but website dwell time is short (40 sec) and there's no email response, indicating a lack of engagement.",0,not mentioned,0,X
B_demo_requests_high,3,meta-llama-3.1-8b-instruct,demo_requests,High Intent,"Company size is large (5000 employees), and there are multiple demo requests (3), indicating strong interest in our services.",3,supporting / causal,3,X
B_demo_requests_high,4,meta-llama-3.1-8b-instruct,demo_requests,Low Intent,"Company size is large (5000), but website dwell time is short (40 sec) and there's no email response, indicating a lack of engagement.",0,not mentioned,0,X
B_demo_requests_high,5,meta-llama-3.1-8b-instruct,demo_requests,Low Intent,"Company size is large (5000), but website dwell time is short (40 sec), and there are no email responses, indicating a lack of engagement.",0,not mentioned,0,X
B_demo_requests_low,1,meta-llama-3.1-8b-instruct,demo_requests,Low Intent,"Company size is large (5000), but website dwell time is short (40 sec) and there are no demo requests, indicating low engagement and purchase intent.",3,supporting / causal,3,X
B_demo_requests_low,2,meta-llama-3.1-8b-instruct,demo_requests,Low Intent,"Company size is large (5000), but website dwell time is short (40 sec) and there are no demo requests, indicating low purchase intent.",3,supporting / causal,3,X
B_demo_requests_low,3,meta-llama-3.1-8b-instruct,demo_requests,Low Intent,"Company size is large (5000), but dwell time is short (40 sec), and there are no demo requests or email responses, indicating low purchase intent.",3,supporting / causal,3,X
B_demo_requests_low,4,meta-llama-3.1-8b-instruct,demo_requests,Low Intent,"Company size is large (5000), but website dwell time is short (40 sec), and there are no demo requests or email responses, indicating low engagement and purchase intent.",3,supporting / causal,3,X
B_demo_requests_low,5,meta-llama-3.1-8b-instruct,demo_requests,Low Intent,"Company size is large (5000), but website dwell time is short (40 sec), and there are no demo requests or email responses, indicating low engagement and purchase intent.",3,supporting / causal,3,X
B_email_response_icp,1,meta-llama-3.1-8b-instruct,email_response,High Intent,Large company size (5000) and a direct meeting request via email response indicate strong interest in our services.,3,supporting / causal,3,X
B_email_response_icp,2,meta-llama-3.1-8b-instruct,email_response,High Intent,"Company size (5000) and industry (Manufacturing) indicate a large organization with potential for data analytics and AI integration, while the email response suggests a strong interest in scheduling a meeting, indicating a high level of purchase intent.",3,supporting / causal,3,X
B_email_response_icp,3,meta-llama-3.1-8b-instruct,email_response,High Intent,"Company size (5000) and industry (Manufacturing) indicate a large organization with potential for AI integration, while a demo request and a positive email response ('Could we schedule a meeting next week?') further suggest strong interest.",3,supporting / causal,3,X
B_email_response_icp,4,meta-llama-3.1-8b-instruct,email_response,High Intent,"Company size (5000) and industry (Manufacturing) indicate a large organization with potential for data analytics and AI integration, while the email response suggests a strong interest in scheduling a meeting, indicating a high level of purchase intent.",3,supporting / causal,3,X
B_email_response_icp,5,meta-llama-3.1-8b-instruct,email_response,High Intent,"Company size (5000) and industry (Manufacturing) indicate a large organization with potential for data analytics and AI integration, while the email response suggests a strong interest in scheduling a meeting, indicating a high level of purchase intent.",3,supporting / causal,3,X
B_email_response_non-icp,1,meta-llama-3.1-8b-instruct,email_response,Low Intent,"Company size is large (5000), but website dwell time is short (40 sec) and there was only one demo request, with a negative email response indicating low purchase intent.",3,supporting / causal,3,X
B_email_response_non-icp,2,meta-llama-3.1-8b-instruct,email_response,Low Intent,"Company size is large (5000), but website dwell time is short (40 sec) and there was only one demo request, with a negative email response indicating low purchase intent.",3,supporting / causal,3,X
B_email_response_non-icp,3,meta-llama-3.1-8b-instruct,email_response,Low Intent,"Company size is large (5000), but website dwell time is short (40 sec) and there was a negative email response, indicating low purchase intent.",3,supporting / causal,3,X
B_email_response_non-icp,4,meta-llama-3.1-8b-instruct,email_response,Low Intent,"Company size is large (5000), but website dwell time is short (40 sec) and there was only one demo request, with a negative email response indicating low purchase intent.",3,supporting / causal,3,X
B_email_response_non-icp,5,meta-llama-3.1-8b-instruct,email_response,Low Intent,"Company size is large (5000), but website dwell time is short (40 sec), and email response indicates no interest.",3,supporting / causal,3,X
B_industry_icp,1,meta-llama-3.1-8b-instruct,industry,Low Intent,"Company size is large (5000), but website dwell time is short (40 sec), and there is no email response, indicating a lack of engagement.",0,not mentioned,0,X
B_industry_icp,2,meta-llama-3.1-8b-instruct,industry,Low Intent,"Company size is large (5000), but website dwell time is short (40 sec), and there is no email response, indicating a lack of engagement.",0,not mentioned,0,X
B_industry_icp,3,meta-llama-3.1-8b-instruct,industry,Low Intent,"Company size is large (5000), but website dwell time is short (40 sec), and there is no email response, indicating a lack of engagement.",0,not mentioned,0,X
B_industry_icp,4,meta-llama-3.1-8b-instruct,industry,Low Intent,"Company size is large (5000), but website dwell time is short (40 sec), and there is no email response, indicating a lack of engagement.",0,not mentioned,0,X
B_industry_icp,5,meta-llama-3.1-8b-instruct,industry,Low Intent,"Company size is large (5000), but website dwell time is short (40 sec) and there was no email response, indicating low engagement.",0,not mentioned,0,X
B_industry_non-icp,1,meta-llama-3.1-8b-instruct,industry,Low Intent,"Company size is large (5000), but website dwell time is short (40 sec), and there is no email response, indicating low engagement and purchase intent.",0,not mentioned,0,X
B_industry_non-icp,2,meta-llama-3.1-8b-instruct,industry,Low Intent,"Company size is large (5000), but website dwell time is short (40 sec), and there is no email response, indicating low engagement and purchase intent.",0,not mentioned,0,X
B_industry_non-icp,3,meta-llama-3.1-8b-instruct,industry,Low Intent,"Company size is large (5000), but website dwell time is short (40 sec), and there is no email response, indicating a lack of engagement.",0,not mentioned,0,X
B_industry_non-icp,4,meta-llama-3.1-8b-instruct,industry,Low Intent,"Company size is large (5000), but website dwell time is short (40 sec), and there is no email response, indicating low engagement and purchase intent.",0,not mentioned,0,X
B_industry_non-icp,5,meta-llama-3.1-8b-instruct,industry,Low Intent,"Company size is large (5000), but website dwell time is short (40 sec), and there is no email response, indicating a lack of engagement and low purchase intent.",0,not mentioned,0,X
B_region_icp,1,meta-llama-3.1-8b-instruct,region,Low Intent,"Company size is large (5000 employees), but website dwell time is short (40 sec) and there was no email response, indicating low engagement.",0,not mentioned,0,X
B_region_icp,2,meta-llama-3.1-8b-instruct,region,Low Intent,"Company size is large, but website dwell time is short and there was no email response, indicating low engagement.",0,not mentioned,0,X
B_region_icp,3,meta-llama-3.1-8b-instruct,region,Low Intent,"Company size is large (5000), but website dwell time is short (40 sec), and there is no email response, indicating a lack of engagement.",0,not mentioned,0,X
B_region_icp,4,meta-llama-3.1-8b-instruct,region,Low Intent,"Company size is large (5000 employees), but website dwell time is short (40 sec) and there was no email response, indicating low engagement.",0,not mentioned,0,X
B_region_icp,5,meta-llama-3.1-8b-instruct,region,Low Intent,"Company size is large (5000), but website dwell time is short (40 sec), and there is no email response, indicating a lack of engagement.",0,not mentioned,0,X
B_region_non-icp,1,meta-llama-3.1-8b-instruct,region,Low Intent,"Company size is large (5000 employees), but website dwell time is short (40 sec), and there is no email response, indicating a lack of engagement.",0,not mentioned,0,X
B_region_non-icp,2,meta-llama-3.1-8b-instruct,region,Low Intent,"Company size is large (5000), but website dwell time is short (40 sec), and there is no email response, indicating low engagement and purchase intent.",0,not mentioned,0,X
B_region_non-icp,3,meta-llama-3.1-8b-instruct,region,Low Intent,"Company size is large (5000 employees), but website dwell time is short (40 sec), and there is no email response, indicating a lack of engagement.",0,not mentioned,0,X
B_region_non-icp,4,meta-llama-3.1-8b-instruct,region,Low Intent,"Company size is large (5000 employees), but website dwell time is short (40 sec), and there is no email response, indicating a lack of engagement.",0,not mentioned,0,X
B_region_non-icp,5,meta-llama-3.1-8b-instruct,region,Low Intent,"Company size is large (5000), but website dwell time is short (40 sec), and there is no email response, indicating low engagement and purchase intent.",0,not mentioned,0,X
B_website_dwell_time_high,1,meta-llama-3.1-8b-instruct,website_dwell_time,Low Intent,"Company size is large (5000), but website dwell time is short (10 min), and there is no email response, indicating a lack of strong intent signals.",3,supporting / causal,3,X
B_website_dwell_time_high,2,meta-llama-3.1-8b-instruct,website_dwell_time,Low Intent,"Company size is large, but website dwell time is short and there was no email response, indicating a lack of strong intent signals.",3,supporting / causal,3,X
B_website_dwell_time_high,3,meta-llama-3.1-8b-instruct,website_dwell_time,Low Intent,"Company size is large, but dwell time is short and no demo request follow-up response, indicating low engagement and purchase intent.",3,supporting / causal,3,X
B_website_dwell_time_high,4,meta-llama-3.1-8b-instruct,website_dwell_time,Low Intent,"Company size is large, but website dwell time is short and there was no email response, indicating a lack of engagement.",3,supporting / causal,3,X
B_website_dwell_time_high,5,meta-llama-3.1-8b-instruct,website_dwell_time,Low Intent,"Company size is large, but dwell time is short and no demo request follow-up response, indicating low engagement and purchase intent.",3,supporting / causal,3,X
B_website_dwell_time_low,1,meta-llama-3.1-8b-instruct,website_dwell_time,Low Intent,"Company size is large, but website dwell time is short and there was no email response, indicating a lack of engagement.",3,supporting / causal,3,X
B_website_dwell_time_low,2,meta-llama-3.1-8b-instruct,website_dwell_time,Low Intent,"Company size is large, but website dwell time is short and there was no email response, indicating a lack of engagement.",3,supporting / causal,3,X
B_website_dwell_time_low,3,meta-llama-3.1-8b-instruct,website_dwell_time,Low Intent,"Company size is large, but website dwell time is short and there was no email response, indicating a lack of engagement.",3,supporting / causal,3,X
B_website_dwell_time_low,4,meta-llama-3.1-8b-instruct,website_dwell_time,Low Intent,"Company size is large (5000), but website dwell time is short (15 sec), and there is no email response, indicating a lack of engagement.",3,supporting / causal,3,X
B_website_dwell_time_low,5,meta-llama-3.1-8b-instruct,website_dwell_time,Low Intent,"Company size is large, but website dwell time is short and there was no email response, indicating a lack of engagement.",3,supporting / causal,3,X
C_company_size_high,1,meta-llama-3.1-8b-instruct,company_size,High Intent,"Company size (10000) and industry (Healthcare) indicate a large organization with specific needs, while website dwell time (7 min) and demo requests (2) suggest engagement. Email response ('Very promising. We're actively evaluating solutions like this.') further indicates purchase intent.",3,supporting / causal,3,X
C_company_size_high,2,meta-llama-3.1-8b-instruct,company_size,High Intent,"Company size (10000) and industry (Healthcare) indicate a large organization with specific needs, while website dwell time (7 min) and demo requests (2) suggest engagement. Email response ('Very promising') further indicates purchase intent.",3,supporting / causal,3,X
C_company_size_high,3,meta-llama-3.1-8b-instruct,company_size,High Intent,"Company size (10000) and industry (Healthcare) indicate a large organization with specific needs, while website dwell time (7 min) and demo requests (2) suggest engagement. Email response ('Very promising. We're actively evaluating solutions like this.') further indicates purchase intent.",3,supporting / causal,3,X
C_company_size_high,4,meta-llama-3.1-8b-instruct,company_size,High Intent,"Company size (10000) and industry (Healthcare) indicate a large organization with specific needs, while website dwell time (7 min) and demo requests (2) suggest engagement. Email response ('Very promising') further indicates purchase intent.",3,supporting / causal,3,X
C_company_size_high,5,meta-llama-3.1-8b-instruct,company_size,High Intent,"Company size (10000) and industry (Healthcare) indicate a large organization with specific needs, while website dwell time (7 min) and demo requests (2) suggest engagement. Email response ('Very promising. We're actively evaluating solutions like this.') further indicates purchase intent.",3,supporting / causal,3,X
C_company_size_low,1,meta-llama-3.1-8b-instruct,company_size,High Intent,"Company size (10) and industry (Healthcare) indicate a medium to large organization with specific needs, while website dwell time (7 min) and demo requests (2) suggest engagement. The email response is very promising, indicating active evaluation of solutions like ours.",3,supporting / causal,3,X
C_company_size_low,2,meta-llama-3.1-8b-instruct,company_size,High Intent,"Company size (10) and industry (Healthcare) indicate a medium to large organization with specific needs, while website dwell time (7 min) and demo requests (2) suggest engagement, and the email response is very promising, indicating a strong purchase intent.",3,supporting / causal,3,X
C_company_size_low,3,meta-llama-3.1-8b-instruct,company_size,High Intent,"Company size (10) and industry (Healthcare) indicate a medium to large organization with specific needs, while website dwell time (7 min) and demo requests (2) suggest engagement. The email response is very promising, indicating active evaluation of solutions like ours.",3,supporting / causal,3,X
C_company_size_low,4,meta-llama-3.1-8b-instruct,company_size,High Intent,"Company size (10) and industry (Healthcare) indicate a medium to large organization with specific needs, while website dwell time (7 min) and demo requests (2) suggest engagement. The email response is very promising, indicating active evaluation of solutions like ours.",3,supporting / causal,3,X
C_company_size_low,5,meta-llama-3.1-8b-instruct,company_size,High Intent,"Company size (10) and industry (Healthcare) indicate a medium to large organization with specific needs, while website dwell time (7 min) and demo requests (2) suggest engagement. The email response is very promising, indicating active evaluation of solutions like ours.",3,supporting / causal,3,X
C_demo_requests_high,1,meta-llama-3.1-8b-instruct,demo_requests,High Intent,"Company size (80) indicates a medium to large organization, which is a good fit for our solutions. Industry (Healthcare) is a key sector for our expertise. Region (Middle East) is a target market. Website dwell time (7 min) suggests engagement. Demo requests (3) and a very promising email response further indicate strong interest.",3,supporting / causal,3,X
C_demo_requests_high,2,meta-llama-3.1-8b-instruct,demo_requests,High Intent,"Company size (80) indicates a medium to large organization, and the industry (Healthcare) is a key target for our solutions. The region (Middle East) is also a focus area. The website dwell time (7 min) suggests engagement, and 3 demo requests indicate interest. The email response is very promising, indicating active evaluation of solutions like ours.",3,supporting / causal,3,X
C_demo_requests_high,3,meta-llama-3.1-8b-instruct,demo_requests,High Intent,"Company size (80) indicates a medium to large organization, and the industry (Healthcare) is a key target for our services. The region (Middle East) is also a focus area. The website dwell time (7 min) suggests engagement, and the demo requests (3) and very promising email response further indicate strong interest in our solutions.",3,supporting / causal,3,X
C_demo_requests_high,4,meta-llama-3.1-8b-instruct,demo_requests,High Intent,"Company size (80) indicates a medium to large organization, which is a potential fit for our solutions. Industry (Healthcare) is a key sector for our expertise. Region (Middle East) is a target market. Website dwell time (7 min) suggests engagement. Demo requests (3) indicate interest. Email response is very promising, indicating active evaluation.",3,supporting / causal,3,X
C_demo_requests_high,5,meta-llama-3.1-8b-instruct,demo_requests,High Intent,"Company size (80) indicates a medium to large organization, and the industry (Healthcare) is a key target for our services. The region (Middle East) is also a focus area. The website dwell time (7 min) is above average, and the demo requests (3) suggest interest. The email response is very promising, indicating active evaluation of solutions like ours.",3,supporting / causal,3,X
C_demo_requests_low,1,meta-llama-3.1-8b-instruct,demo_requests,High Intent,"Company size (80) indicates a medium to large organization, and the industry (Healthcare) is a key focus area for our services. The email response is very promising, indicating a high level of interest in solutions like ours.",0,not mentioned,0,X
C_demo_requests_low,2,meta-llama-3.1-8b-instruct,demo_requests,High Intent,"Company size (80) and industry (Healthcare) indicate a medium to large organization with potential for significant investment, while the region (Middle East) is a key market for our services. The very promising email response further indicates a strong interest in our solutions, outweighing the low website dwell time (7 min) and lack of demo requests (0).",2,refuted side of contrast,2,X
C_demo_requests_low,3,meta-llama-3.1-8b-instruct,demo_requests,High Intent,"Company size is large (80), and the email response is very promising, indicating a strong interest in the solution.",0,not mentioned,0,X
C_demo_requests_low,4,meta-llama-3.1-8b-instruct,demo_requests,High Intent,"Company size is large (80), and the email response is very promising, indicating a strong interest in the solution.",0,not mentioned,0,X
C_demo_requests_low,5,meta-llama-3.1-8b-instruct,demo_requests,High Intent,"Company size is large (80), and the email response indicates active evaluation of solutions like ours, which suggests a strong purchase intent.",0,not mentioned,0,X
C_email_response_icp,1,meta-llama-3.1-8b-instruct,email_response,High Intent,"Company size is large (80), and the email response indicates a clear interest in scheduling a meeting, which is a strong intent signal.",3,supporting / causal,3,X
C_email_response_icp,2,meta-llama-3.1-8b-instruct,email_response,High Intent,"Company size (80) and demo requests (2) indicate a large organization with interest in our services, while the email response suggests a strong desire to engage further.",3,supporting / causal,3,X
C_email_response_icp,3,meta-llama-3.1-8b-instruct,email_response,High Intent,"Company size is large (80), and the industry is Healthcare, which is a key focus area for our firm. The customer has also shown strong engagement with our website (7 min dwell time) and has requested two demos, indicating a high level of interest. Additionally, the customer has responded positively to an email, expressing a desire to schedule a meeting next week.",1,neutral / enumeration,1,X
C_email_response_icp,4,meta-llama-3.1-8b-instruct,email_response,High Intent,"Company size (80) and industry (Healthcare) indicate a large organization with specific needs, while website dwell time (7 min) and demo requests (2) suggest engagement, and a positive email response ('Could we schedule a meeting next week?') further indicates strong interest.",3,supporting / causal,3,X
C_email_response_icp,5,meta-llama-3.1-8b-instruct,email_response,High Intent,"Company size is large (80), and the industry is Healthcare, which is a key focus area for our firm. The customer has also shown strong engagement with our website (7 min dwell time) and has requested two demos, indicating a high level of interest. Additionally, the customer has responded positively to an email, expressing a desire to schedule a meeting next week.",1,neutral / enumeration,1,X
C_email_response_non-icp,1,meta-llama-3.1-8b-instruct,email_response,Low Intent,"Company size is 80, which is not a large enterprise, and the email response indicates a lack of interest, while the website dwell time of 7 min and 2 demo requests suggest some level of engagement, but not strong enough to overcome the negative email response.",3,supporting / causal,3,X
C_email_response_non-icp,2,meta-llama-3.1-8b-instruct,email_response,Low Intent,"Company size is 80, which is not a large enterprise, and the email response indicates a lack of interest, while the website dwell time of 7 min and 2 demo requests suggest some level of engagement, but not strong enough to overcome the negative email response.",3,supporting / causal,3,X
C_email_response_non-icp,3,meta-llama-3.1-8b-instruct,email_response,Low Intent,"Company size (80) is relatively small, and despite a moderate website dwell time (7 min), the lead explicitly stated 'We’re not interested' in an email response, indicating a lack of strong purchase intent.",3,supporting / causal,3,X
C_email_response_non-icp,4,meta-llama-3.1-8b-instruct,email_response,Low Intent,"Company size is 80, which is relatively small, and the email response indicates lack of interest, outweighing the moderate dwell time and demo requests.",3,supporting / causal,3,X
C_email_response_non-icp,5,meta-llama-3.1-8b-instruct,email_response,Low Intent,"Company size is 80, which is relatively small, and the email response indicates a lack of interest, outweighing the moderate dwell time and demo requests.",3,supporting / causal,3,X
C_industry_icp,1,meta-llama-3.1-8b-instruct,industry,High Intent,"Company size (80) is large, industry (Software / IT) is relevant, region (Middle East) is targeted, website dwell time (7 min) is high, demo requests (2) are numerous, and email response is very promising.",1,neutral / enumeration,1,X
C_industry_icp,2,meta-llama-3.1-8b-instruct,industry,High Intent,"Company size (80) is large, industry (Software / IT) is relevant, region (Middle East) is targeted, website dwell time (7 min) is high, demo requests (2) are numerous, and email response is very promising.",1,neutral / enumeration,1,X
C_industry_icp,3,meta-llama-3.1-8b-instruct,industry,High Intent,"Company size (80) is large, industry (Software / IT) is relevant, website dwell time (7 min) is high, and demo requests (2) indicate interest, with a very promising email response.",1,neutral / enumeration,1,X
C_industry_icp,4,meta-llama-3.1-8b-instruct,industry,High Intent,"Company size (80) is large, industry (Software / IT) is relevant, region (Middle East) is targeted, website dwell time (7 min) is high, demo requests (2) are numerous, and email response is very promising.",1,neutral / enumeration,1,X
C_industry_icp,5,meta-llama-3.1-8b-instruct,industry,High Intent,"Company size (80) is large, industry (Software / IT) is relevant, region (Middle East) is targeted, website dwell time (7 min) is high, demo requests (2) are numerous, and email response is very promising.",1,neutral / enumeration,1,X
C_industry_non-icp,1,meta-llama-3.1-8b-instruct,industry,High Intent,"Company size (80) indicates a medium to large organization, and the industry (Public Service) is a good fit for our services. The email response ('Very promising. We're actively evaluating solutions like this.') is a strong positive signal, and the demo requests (2) suggest interest in our product.",1,neutral / enumeration,3,X
C_industry_non-icp,2,meta-llama-3.1-8b-instruct,industry,High Intent,"Company size (80) and engagement metrics (7 min dwell time, 2 demo requests, very promising email response) indicate strong interest in the solution.",0,not mentioned,0,X
C_industry_non-icp,3,meta-llama-3.1-8b-instruct,industry,High Intent,"Company size (80) and engagement metrics (7 min dwell time, 2 demo requests, very promising email response) indicate strong interest in the solution.",0,not mentioned,0,X
C_industry_non-icp,4,meta-llama-3.1-8b-instruct,industry,High Intent,"Company size (80) indicates a medium to large organization, and the industry (Public Service) is a good fit for our services. The email response ('Very promising. We're actively evaluating solutions like this.') is a strong positive signal, and the demo requests (2) suggest interest in our product.",1,neutral / enumeration,3,X
C_industry_non-icp,5,meta-llama-3.1-8b-instruct,industry,High Intent,"Company size (80) and engagement metrics (7 min dwell time, 2 demo requests, very promising email response) indicate strong interest in the solution.",0,not mentioned,0,X
C_region_icp,1,meta-llama-3.1-8b-instruct,region,High Intent,"Company size (80) and engagement metrics (7 min dwell time, 2 demo requests, very promising email response) indicate a strong interest in our solution.",0,not mentioned,0,X
C_region_icp,2,meta-llama-3.1-8b-instruct,region,High Intent,"Company size (80) and demo requests (2) indicate a medium to large organization actively evaluating solutions, while the email response is very promising, supporting a high purchase intent.",0,not mentioned,0,X
C_region_icp,3,meta-llama-3.1-8b-instruct,region,High Intent,"Company size (80) and demo requests (2) indicate a medium to large organization actively evaluating solutions, while the email response is very promising, supporting a high purchase intent.",0,not mentioned,0,X
C_region_icp,4,meta-llama-3.1-8b-instruct,region,High Intent,"Company size (80) and engagement metrics (7 min dwell time, 2 demo requests, very promising email response) indicate a strong interest in our solution.",0,not mentioned,0,X
C_region_icp,5,meta-llama-3.1-8b-instruct,region,High Intent,"Company size of 80 and very promising email response from the lead, indicating active evaluation of solutions like ours.",0,not mentioned,0,X
C_region_non-icp,1,meta-llama-3.1-8b-instruct,region,High Intent,"Company size (80) and industry (Healthcare) indicate a medium to large organization with potential for significant data analytics needs, combined with a very promising email response indicating active evaluation of solutions like ours.",0,not mentioned,0,X
C_region_non-icp,2,meta-llama-3.1-8b-instruct,region,High Intent,"Company size (80) and demo requests (2) indicate a medium to large organization actively evaluating solutions, while the email response ('Very promising') further supports high purchase intent.",0,not mentioned,0,X
C_region_non-icp,3,meta-llama-3.1-8b-instruct,region,High Intent,"Company size (80) indicates a medium to large organization, and the industry (Healthcare) is a key target for our services. The region (Africa) presents a growth opportunity. The website dwell time (7 min) suggests engagement, and the demo requests (2) and email response ('Very promising') further indicate strong interest in our solutions.",1,neutral / enumeration,1,X
C_region_non-icp,4,meta-llama-3.1-8b-instruct,region,High Intent,"Company size (80) is large, indicating a potential for significant investment in data analytics platforms and AI integration. Industry (Healthcare) is also a key sector for our services. The very promising email response and 2 demo requests further indicate a strong interest in our solutions.",0,not mentioned,0,X
C_region_non-icp,5,meta-llama-3.1-8b-instruct,region,High Intent,"Company size (80) indicates a medium to large organization, and the industry (Healthcare) is a key target for our services. The website dwell time (7 min) suggests engagement, and the demo requests (2) and very promising email response indicate a strong interest in our solutions.",0,not mentioned,0,X
C_website_dwell_time_high,1,meta-llama-3.1-8b-instruct,website_dwell_time,High Intent,"Company size (80) indicates a medium to large organization, which is a potential fit for our solutions. Industry (Healthcare) is a key sector for our expertise. Region (Middle East) is a target market. Website dwell time (10 min) suggests engagement. 2 demo requests indicate interest. Email response is very promising, indicating active evaluation.",3,supporting / causal,3,X
C_website_dwell_time_high,2,meta-llama-3.1-8b-instruct,website_dwell_time,High Intent,"Company size (80) indicates a medium to large organization, which is a potential fit for our solutions. Industry (Healthcare) is a key sector for our expertise. Region (Middle East) is a target market. Website dwell time (10 min) suggests engagement. 2 demo requests indicate interest. Email response is very promising, indicating active evaluation.",3,supporting / causal,3,X
C_website_dwell_time_high,3,meta-llama-3.1-8b-instruct,website_dwell_time,High Intent,"Company size (80) and industry (Healthcare) indicate a medium to large organization with specific needs, while the website dwell time (10 min) and demo requests (2) suggest engagement. The email response is very promising, indicating active evaluation of solutions like ours.",3,supporting / causal,3,X
C_website_dwell_time_high,4,meta-llama-3.1-8b-instruct,website_dwell_time,High Intent,"Company size (80) indicates a medium to large organization, which is a potential fit for our solutions. Industry (Healthcare) is a key sector for our expertise. Region (Middle East) is a target market. Website dwell time (10 min) suggests engagement. 2 demo requests indicate interest. Email response is very promising, indicating active evaluation.",3,supporting / causal,3,X
C_website_dwell_time_high,5,meta-llama-3.1-8b-instruct,website_dwell_time,High Intent,"Company size (80) and industry (Healthcare) indicate a medium to large organization with specific needs, while website dwell time (10 min) and demo requests (2) suggest engagement, and the email response is very promising.",3,supporting / causal,3,X
C_website_dwell_time_low,1,meta-llama-3.1-8b-instruct,website_dwell_time,High Intent,"Company size is large (80), industry is Healthcare, and email response is very promising, indicating a strong interest in the solution.",0,not mentioned,0,X
C_website_dwell_time_low,2,meta-llama-3.1-8b-instruct,website_dwell_time,High Intent,"Company size is large (80), industry is Healthcare, and email response is very promising, indicating a strong interest in the solution.",0,not mentioned,0,X
C_website_dwell_time_low,3,meta-llama-3.1-8b-instruct,website_dwell_time,High Intent,"Company size (80) indicates a medium to large organization, and the industry (Healthcare) is a key target for our services. The email response ('We're actively evaluating solutions like this') is a strong positive signal, and 2 demo requests suggest a high level of interest.",0,not mentioned,0,X
C_website_dwell_time_low,4,meta-llama-3.1-8b-instruct,website_dwell_time,High Intent,"Company size is large (80), industry is Healthcare, and email response is very promising, indicating a strong interest in the solution.",0,not mentioned,0,X
C_website_dwell_time_low,5,meta-llama-3.1-8b-instruct,website_dwell_time,High Intent,"Company size is large (80), industry is Healthcare, and email response is very promising, indicating a strong interest in the solution.",0,not mentioned,0,X
D_company_size_high,1,meta-llama-3.1-8b-instruct,company_size,High Intent,"Company size (10000) and industry (Energy) indicate a large organization with specific needs, while the email response suggests a high level of engagement with the content.",3,supporting / causal,3,X
D_company_size_high,2,meta-llama-3.1-8b-instruct,company_size,High Intent,"Company size is large (10000), indicating a potential for significant investment in data analytics platforms and AI integration, and the industry is Energy, which often requires advanced data analysis. Additionally, the email response suggests a strong interest in the current initiatives, and the demo requests (2) indicate a desire for more information.",3,supporting / causal,3,X
D_company_size_high,3,meta-llama-3.1-8b-instruct,company_size,High Intent,"Company size is large (10000), indicating a potential for significant investment in data analytics platforms and AI integration, and the industry is Energy, which often requires advanced data analysis. Additionally, the email response suggests a strong interest in the current initiatives, and the demo requests (2) indicate a desire for more information.",3,supporting / causal,3,X
D_company_size_high,4,meta-llama-3.1-8b-instruct,company_size,High Intent,"Company size (10000) indicates a large organization, and the industry (Energy) is a key focus area for our services. The region (Asia) is also a strategic market. Additionally, the email response indicates strong interest, and 2 demo requests were made, suggesting a high level of engagement.",3,supporting / causal,1,X
D_company_size_high,5,meta-llama-3.1-8b-instruct,company_size,High Intent,"Company size (10000) indicates a large organization, and the industry (Energy) is a key focus area for our services. The region (Asia) is also a strategic market. Additionally, the email response indicates strong interest, and 2 demo requests were made, suggesting a high level of engagement.",3,supporting / causal,1,X
D_company_size_low,1,meta-llama-3.1-8b-instruct,company_size,High Intent,"Company size (10) and demo requests (2) indicate a medium to large organization with interest in our services, while the industry (Energy) and region (Asia) are relevant to our expertise. The email response also shows engagement with our content.",2,refuted side of contrast,3,X
D_company_size_low,2,meta-llama-3.1-8b-instruct,company_size,High Intent,"Company size is small (10), which often indicates a need for specialized services, and the industry (Energy) is a key focus area for our firm. The engagement metrics also show strong interest, with a 2.5 min website dwell time and 2 demo requests, and a positive email response indicating relevance to current initiatives.",1,neutral / enumeration,3,X
D_company_size_low,3,meta-llama-3.1-8b-instruct,company_size,High Intent,"Company size (10) and industry (Energy) are strong indicators of potential interest, combined with a positive email response ('This looks relevant to our current initiatives.') and multiple demo requests (2), which suggests a high level of engagement.",1,neutral / enumeration,3,X
D_company_size_low,4,meta-llama-3.1-8b-instruct,company_size,High Intent,"Company size (10) and demo requests (2) indicate a medium to large organization with interest in our services, while the industry (Energy) and region (Asia) are relevant to our expertise. The email response also shows engagement with our content.",2,refuted side of contrast,3,X
D_company_size_low,5,meta-llama-3.1-8b-instruct,company_size,High Intent,"Company size is small (10), which often indicates a need for specialized services, and the industry (Energy) is a key focus area for our firm. The customer also showed interest in our services with a 2.5 min website dwell time and 2 demo requests, and a positive email response indicating purchase intent.",1,neutral / enumeration,3,X
D_demo_requests_high,1,meta-llama-3.1-8b-instruct,demo_requests,High Intent,"Company size (1200) and demo requests (3) indicate a large organization with interest in the product, while the email response suggests a strong connection to current initiatives, supporting a high purchase intent.",3,supporting / causal,3,X
D_demo_requests_high,2,meta-llama-3.1-8b-instruct,demo_requests,High Intent,"Company size (1200) and demo requests (3) indicate a large organization with interest in our services, while the email response suggests relevance to their current initiatives, further increasing purchase intent.",3,supporting / causal,3,X
D_demo_requests_high,3,meta-llama-3.1-8b-instruct,demo_requests,High Intent,"Company size (1200) indicates a medium to large organization, which is a potential target for our services. Industry (Energy) is a relevant sector for our expertise. Region (Asia) is a key market for our company. High demo requests (3) and a positive email response ('This looks relevant to our current initiatives.') further indicate strong interest.",3,supporting / causal,3,X
D_demo_requests_high,4,meta-llama-3.1-8b-instruct,demo_requests,High Intent,"High company size (1200) and positive email response ('This looks relevant to our current initiatives.') indicate strong interest, while 2.5 min website dwell time and 3 demo requests are moderate indicators of intent.",3,supporting / causal,1,X
D_demo_requests_high,5,meta-llama-3.1-8b-instruct,demo_requests,High Intent,"Company size (1200) and demo requests (3) indicate a large organization with interest in our services, while the email response suggests relevance to their current initiatives.",3,supporting / causal,3,X
D_demo_requests_low,1,meta-llama-3.1-8b-instruct,demo_requests,Low Intent,"Company size (1200) is relatively large, but no demo requests were made, and website dwell time (2.5 min) is short, and email response indicates mild interest but not strong purchase intent.",3,supporting / causal,3,X
D_demo_requests_low,2,meta-llama-3.1-8b-instruct,demo_requests,Low Intent,"Company size (1200) is relatively large, but no demo requests were made, and website dwell time (2.5 min) is short, and email response indicates mild interest but not strong purchase intent.",3,supporting / causal,3,X
D_demo_requests_low,3,meta-llama-3.1-8b-instruct,demo_requests,Low Intent,"Company size (1200) is relatively large, but no demo requests were made, and website dwell time (2.5 min) is short, and email response indicates mild interest but not strong purchase intent.",3,supporting / causal,3,X
D_demo_requests_low,4,meta-llama-3.1-8b-instruct,demo_requests,Low Intent,"Company size (1200) is relatively large, but no demo requests were made, and website dwell time (2.5 min) is short, and email response indicates mild interest but not strong purchase intent.",3,supporting / causal,3,X
D_demo_requests_low,5,meta-llama-3.1-8b-instruct,demo_requests,Low Intent,"Company size (1200) is relatively large, but no demo requests were made, and website dwell time (2.5 min) is short, and email response indicates mild interest but not strong purchase intent.",3,supporting / causal,3,X
D_email_response_icp,1,meta-llama-3.1-8b-instruct,email_response,High Intent,"Company size (1200) and industry (Energy) suggest a large organization with potential for AI integration, while demo requests (2) and email response ('Could we schedule a meeting next week?') indicate strong interest in our services.",3,supporting / causal,3,X
D_email_response_icp,2,meta-llama-3.1-8b-instruct,email_response,High Intent,"Company size (1200) indicates a large organization, and the industry (Energy) is a key focus area for our services. The customer has also shown engagement by requesting demos (2) and responding positively to an email, indicating a strong interest in scheduling a meeting.",3,supporting / causal,3,X
D_email_response_icp,3,meta-llama-3.1-8b-instruct,email_response,High Intent,"Company size (1200) and demo requests (2) indicate a large organization with interest in our services, while the email response suggests a clear purchase intent.",3,supporting / causal,3,X
D_email_response_icp,4,meta-llama-3.1-8b-instruct,email_response,High Intent,"Company size (1200) and demo requests (2) indicate a large organization with interest in our services, while the email response suggests a clear purchase intent.",3,supporting / causal,3,X
D_email_response_icp,5,meta-llama-3.1-8b-instruct,email_response,High Intent,"Company size (1200) and industry (Energy) indicate a large organization with specific needs, while website dwell time (2.5 min) and demo requests (2) suggest engagement, and the email response ('Could we schedule a meeting next week?') implies a strong interest in meeting to discuss further.",1,neutral / enumeration,3,X
D_email_response_non-icp,1,meta-llama-3.1-8b-instruct,email_response,Low Intent,"Company size (1200) and industry (Energy) do not indicate specific pain points, and email response ('We’re not interested.') directly contradicts purchase intent.",1,neutral / enumeration,3,X
D_email_response_non-icp,2,meta-llama-3.1-8b-instruct,email_response,Low Intent,"Company size (1200) and industry (Energy) do not indicate high purchase intent, and email response ('We’re not interested.') explicitly states lack of interest.",1,neutral / enumeration,3,X
D_email_response_non-icp,3,meta-llama-3.1-8b-instruct,email_response,Low Intent,"Company size is large, but website dwell time is short and email response indicates lack of interest.",3,supporting / causal,3,X
D_email_response_non-icp,4,meta-llama-3.1-8b-instruct,email_response,Low Intent,"Company size (1200) and industry (Energy) do not indicate high purchase intent, and email response ('We’re not interested.') explicitly states lack of interest.",1,neutral / enumeration,3,X
D_email_response_non-icp,5,meta-llama-3.1-8b-instruct,email_response,Low Intent,"Company size (1200) and industry (Energy) do not indicate a strong match for our services, and the firm's response to our email was explicitly negative.",1,neutral / enumeration,3,X
D_industry_icp,1,meta-llama-3.1-8b-instruct,industry,High Intent,"Company size (1200) and industry (Software / IT) indicate a large organization with potential for AI integration, while website dwell time (2.5 min) and demo requests (2) suggest engagement, and email response ('This looks relevant...') indicates strong interest.",3,supporting / causal,3,X
D_industry_icp,2,meta-llama-3.1-8b-instruct,industry,High Intent,"Company size (1200) and industry (Software / IT) align with our target market, and the email response indicates strong relevance to their current initiatives, while a dwell time of 2.5 min and 2 demo requests further indicate active engagement.",1,neutral / enumeration,3,X
D_industry_icp,3,meta-llama-3.1-8b-instruct,industry,High Intent,"Company size (1200) and industry (Software / IT) align with our target market, and the email response indicates strong relevance, while a dwell time of 2.5 min and 2 demo requests further indicate active engagement.",1,neutral / enumeration,3,X
D_industry_icp,4,meta-llama-3.1-8b-instruct,industry,High Intent,"Company size (1200) and industry (Software / IT) indicate a large organization with potential for AI integration, while website dwell time (2.5 min) and demo requests (2) suggest engagement, and email response ('This looks relevant...') indicates strong interest.",3,supporting / causal,3,X
D_industry_icp,5,meta-llama-3.1-8b-instruct,industry,High Intent,"Company size (1200) and industry (Software / IT) indicate a large organization with potential for data analytics and AI integration, while email response ('This looks relevant') suggests strong interest in the solution.",3,supporting / causal,3,X
D_industry_non-icp,1,meta-llama-3.1-8b-instruct,industry,High Intent,"Company size (1200) and industry (Public Service) indicate a large organization with potential for data analytics and AI integration, while website dwell time (2.5 min) and demo requests (2) suggest engagement, and email response ('This looks relevant') indicates strong interest.",3,supporting / causal,3,X
D_industry_non-icp,2,meta-llama-3.1-8b-instruct,industry,High Intent,"Company size (1200) and industry (Public Service) indicate a large organization with potential for data analytics and AI integration, while the email response suggests engagement with the content, and 2 demo requests indicate a strong interest in the product.",3,supporting / causal,3,X
D_industry_non-icp,3,meta-llama-3.1-8b-instruct,industry,High Intent,"Company size (1200) and industry (Public Service) indicate a large organization with potential for data analytics and AI integration, while the email response suggests engagement with the content, and 2 demo requests indicate a strong interest in the product.",3,supporting / causal,3,X
D_industry_non-icp,4,meta-llama-3.1-8b-instruct,industry,High Intent,"Company size (1200) and industry (Public Service) indicate a large organization with potential for data analytics and AI integration, while website dwell time (2.5 min) and demo requests (2) suggest engagement, and email response ('This looks relevant') indicates strong interest.",3,supporting / causal,3,X
D_industry_non-icp,5,meta-llama-3.1-8b-instruct,industry,High Intent,"Company size (1200) and industry (Public Service) indicate a large organization with potential for data analytics and AI integration, while email response suggests relevance to current initiatives, and 2 demo requests indicate interest.",3,supporting / causal,3,X
D_region_icp,1,meta-llama-3.1-8b-instruct,region,High Intent,"Company size (1200) and industry (Energy) indicate a large organization with specific needs, while website dwell time (2.5 min) and demo requests (2) suggest engagement, and email response ('This looks relevant') indicates strong interest.",0,not mentioned,0,X
D_region_icp,2,meta-llama-3.1-8b-instruct,region,High Intent,"Company size (1200) and industry (Energy) indicate a large organization with specific needs, while website dwell time (2.5 min) and demo requests (2) suggest engagement, and email response ('This looks relevant to our current initiatives.') indicates purchase intent.",0,not mentioned,0,X
D_region_icp,3,meta-llama-3.1-8b-instruct,region,High Intent,"Company size (1200) and industry (Energy) indicate a large organization with specific needs, while website dwell time (2.5 min) and demo requests (2) suggest engagement with relevant content, further supported by a positive email response ('This looks relevant to our current initiatives.').",0,not mentioned,0,X
D_region_icp,4,meta-llama-3.1-8b-instruct,region,High Intent,"Company size (1200) and industry (Energy) indicate a large organization with specific needs, while website dwell time (2.5 min) and demo requests (2) suggest engagement with relevant content, further supported by a positive email response ('This looks relevant to our current initiatives.').",0,not mentioned,0,X
D_region_icp,5,meta-llama-3.1-8b-instruct,region,High Intent,"Company size (1200) and demo requests (2) indicate a large organization with interest in our services, while the email response ('This looks relevant to our current initiatives.') further confirms purchase intent.",0,not mentioned,0,X
D_region_non-icp,1,meta-llama-3.1-8b-instruct,region,High Intent,"Company size (1200) and industry (Energy) indicate a large organization with specific needs, while the email response ('This looks relevant to our current initiatives.') suggests a strong interest in the solution.",0,not mentioned,0,X
D_region_non-icp,2,meta-llama-3.1-8b-instruct,region,High Intent,"Company size (1200) indicates a medium to large organization, which is a potential fit for our data analytics solutions. Industry (Energy) is a relevant sector for our expertise. Region (Africa) is a growing market for our services. Website dwell time (2.5 min) is above average, indicating interest. Demo requests (2) suggest a desire for product exploration. Email response (positive) indicates engagement with the content.",1,neutral / enumeration,1,X
D_region_non-icp,3,meta-llama-3.1-8b-instruct,region,High Intent,"Company size (1200) and industry (Energy) indicate a large organization with specific needs, while the email response suggests relevance to current initiatives, and 2 demo requests further indicate strong interest.",0,not mentioned,0,X
D_region_non-icp,4,meta-llama-3.1-8b-instruct,region,High Intent,"Company size (1200) and industry (Energy) indicate a large organization with specific needs, while the email response suggests relevance to current initiatives, and 2 demo requests further indicate strong interest.",0,not mentioned,0,X
D_region_non-icp,5,meta-llama-3.1-8b-instruct,region,High Intent,"Company size (1200) and industry (Energy) suggest a large organization with specific needs, while the email response indicates relevance to current initiatives, and 2.5 min dwell time and 2 demo requests show engagement.",0,not mentioned,0,X
D_website_dwell_time_high,1,meta-llama-3.1-8b-instruct,website_dwell_time,High Intent,"Company size (1200) and demo requests (2) indicate a large organization with interest in our services, while the email response suggests a high level of relevance to their current initiatives, supporting a strong purchase intent.",0,not mentioned,0,X
D_website_dwell_time_high,2,meta-llama-3.1-8b-instruct,website_dwell_time,High Intent,"Company size (1200) and demo requests (2) indicate a large organization with interest in our services, while the email response suggests relevance to their current initiatives.",0,not mentioned,0,X
D_website_dwell_time_high,3,meta-llama-3.1-8b-instruct,website_dwell_time,High Intent,"Company size (1200) and demo requests (2) indicate a large organization with interest in our services, while the positive email response ('This looks relevant to our current initiatives.') further supports high purchase intent.",0,not mentioned,0,X
D_website_dwell_time_high,4,meta-llama-3.1-8b-instruct,website_dwell_time,High Intent,"High company size (1200) and positive email response ('This looks relevant to our current initiatives.') indicate strong interest, while industry and region are neutral.",0,not mentioned,0,X
D_website_dwell_time_high,5,meta-llama-3.1-8b-instruct,website_dwell_time,High Intent,"Company size (1200) and demo requests (2) indicate a large organization with interest in our services, while the email response suggests relevance to their current initiatives.",0,not mentioned,0,X
D_website_dwell_time_low,1,meta-llama-3.1-8b-instruct,website_dwell_time,High Intent,"Company size (1200) and industry (Energy) suggest a large organization with specific needs, while demo requests (2) and positive email response indicate active engagement.",0,not mentioned,0,X
D_website_dwell_time_low,2,meta-llama-3.1-8b-instruct,website_dwell_time,High Intent,"Company size (1200) and demo requests (2) indicate a large organization with interest in our services, while the industry (Energy) and region (Asia) are also relevant. The email response suggests a positive engagement with our content.",0,not mentioned,0,X
D_website_dwell_time_low,3,meta-llama-3.1-8b-instruct,website_dwell_time,High Intent,"Company size (1200) and industry (Energy) suggest a large organization with specific needs, while demo requests (2) and positive email response indicate active engagement.",0,not mentioned,0,X
D_website_dwell_time_low,4,meta-llama-3.1-8b-instruct,website_dwell_time,High Intent,"Company size (1200) and industry (Energy) indicate a large organization with specific needs, while 2 demo requests and a positive email response ('This looks relevant to our current initiatives.') suggest strong interest in the product.",0,not mentioned,0,X
D_website_dwell_time_low,5,meta-llama-3.1-8b-instruct,website_dwell_time,High Intent,"Company size (1200) and industry (Energy) indicate a large organization with specific needs, while 2 demo requests and a positive email response ('This looks relevant to our current initiatives.') suggest strong interest in the product.",0,not mentioned,0,X
E_company_size_high,1,meta-llama-3.1-8b-instruct,company_size,Low Intent,"Company size is large (10000), but website dwell time is short (1 min) and only one demo request was made, indicating limited engagement.",2,refuted side of contrast,2,X
E_company_size_high,2,meta-llama-3.1-8b-instruct,company_size,Low Intent,"Company size is large (10000), but website dwell time is short (1 min) and only one demo request was made, indicating limited engagement.",2,refuted side of contrast,2,X
E_company_size_high,3,meta-llama-3.1-8b-instruct,company_size,Low Intent,"Company size is large (10000), but website dwell time is short (1 min) and only one demo request was made, indicating limited engagement.",2,refuted side of contrast,2,X
E_company_size_high,4,meta-llama-3.1-8b-instruct,company_size,Low Intent,"Company size is large (10000), but website dwell time is short (1 min) and only one demo request was made, indicating limited engagement.",2,refuted side of contrast,2,X
E_company_size_high,5,meta-llama-3.1-8b-instruct,company_size,Low Intent,"Company size is large (10000), but website dwell time is short (1 min) and only one demo request was made, indicating limited engagement.",2,refuted side of contrast,2,X
E_company_size_low,1,meta-llama-3.1-8b-instruct,company_size,Low Intent,"Company size is small (10) and dwell time on the website is short (1 min), indicating limited interest.",3,supporting / causal,3,X
E_company_size_low,2,meta-llama-3.1-8b-instruct,company_size,Low Intent,"Company size is small (10) and dwell time on the website is short (1 min), indicating limited interest.",3,supporting / causal,3,X
E_company_size_low,3,meta-llama-3.1-8b-instruct,company_size,Low Intent,"Company size is small (10), website dwell time is short (1 min), and only one demo request was made, indicating limited interest in our services.",3,supporting / causal,3,X
E_company_size_low,4,meta-llama-3.1-8b-instruct,company_size,Low Intent,"Company size is small (10) and dwell time on the website is short (1 min), indicating limited interest.",3,supporting / causal,3,X
E_company_size_low,5,meta-llama-3.1-8b-instruct,company_size,Low Intent,"Company size is small (10) and dwell time on the website is short (1 min), indicating limited interest.",3,supporting / causal,3,X
E_demo_requests_high,1,meta-llama-3.1-8b-instruct,demo_requests,High Intent,"Company size (250) and demo requests (3) indicate a medium to large organization with interest in our services, while website dwell time (1 min) is relatively short but may be sufficient for a retail company in South America.",2,refuted side of contrast,3,X
E_demo_requests_high,2,meta-llama-3.1-8b-instruct,demo_requests,High Intent,"Company size (250) and multiple demo requests (3) indicate a large organization with interest in our services, while website dwell time (1 min) is relatively short but not a strong deterrent.",2,refuted side of contrast,3,X
E_demo_requests_high,3,meta-llama-3.1-8b-instruct,demo_requests,High Intent,"Company size of 250 and 3 demo requests indicate a medium to large organization with interest in our services, while the 1 min website dwell time suggests engagement with our content.",3,supporting / causal,3,X
E_demo_requests_high,4,meta-llama-3.1-8b-instruct,demo_requests,High Intent,"Company size of 250 and 3 demo requests indicate a medium to large organization with interest in our services, while the 1 min website dwell time suggests engagement with our content.",3,supporting / causal,3,X
E_demo_requests_high,5,meta-llama-3.1-8b-instruct,demo_requests,High Intent,"Company size of 250 and 3 demo requests indicate strong interest, while 1 min website dwell time is relatively short but still suggests engagement.",3,supporting / causal,3,X
E_demo_requests_low,1,meta-llama-3.1-8b-instruct,demo_requests,Low Intent,"Company size is 250, which is relatively small, and website dwell time is 1 min, indicating limited engagement.",0,not mentioned,0,X
E_demo_requests_low,2,meta-llama-3.1-8b-instruct,demo_requests,Low Intent,"Company size is 250, which is relatively small, and there are no demo requests, indicating a lack of strong purchase intent.",3,supporting / causal,3,X
E_demo_requests_low,3,meta-llama-3.1-8b-instruct,demo_requests,Low Intent,"Company size is 250, which is relatively small, and website dwell time is only 1 min, indicating limited interest in our services.",0,not mentioned,0,X
E_demo_requests_low,4,meta-llama-3.1-8b-instruct,demo_requests,Low Intent,"Company size of 250 and low engagement metrics (1 min website dwell time, 0 demo requests) indicate limited interest in our services.",3,supporting / causal,3,X
E_demo_requests_low,5,meta-llama-3.1-8b-instruct,demo_requests,Low Intent,"Company size of 250 and low engagement metrics (1 min website dwell time, 0 demo requests) indicate limited interest in our services.",3,supporting / causal,3,X
E_email_response_icp,1,meta-llama-3.1-8b-instruct,email_response,High Intent,"Company size (250) and industry (Retail) indicate a medium to large business, while the email response 'Could we schedule a meeting next week?' suggests a strong interest in the product, and the demo request further supports this.",3,supporting / causal,3,X
E_email_response_icp,2,meta-llama-3.1-8b-instruct,email_response,High Intent,"Company size (250) and industry (Retail) indicate a medium to large business, which is a potential target for our services. The customer's response to the email ('Could we schedule a meeting next week?') suggests a strong interest in our offerings, and the single demo request indicates a specific interest in our product.",3,supporting / causal,3,X
E_email_response_icp,3,meta-llama-3.1-8b-instruct,email_response,High Intent,"Company size is 250, indicating a medium to large organization, and the email response suggests a strong interest in scheduling a meeting, which is a clear intent signal.",3,supporting / causal,3,X
E_email_response_icp,4,meta-llama-3.1-8b-instruct,email_response,High Intent,"Company size (250) and industry (Retail) suggest a medium to large business with potential for data analytics and AI integration, while the email response ('Could we schedule a meeting next week?') indicates a clear interest in the product.",3,supporting / causal,3,X
E_email_response_icp,5,meta-llama-3.1-8b-instruct,email_response,High Intent,"Company size (250) and industry (Retail) suggest a medium to large business with potential for data analytics and AI integration, while the email response ('Could we schedule a meeting next week?') indicates a clear interest in the product.",3,supporting / causal,3,X
E_email_response_non-icp,1,meta-llama-3.1-8b-instruct,email_response,Low Intent,"Company size (250) and industry (Retail) do not indicate high purchase intent, and the dwell time (1 min) and demo requests (1) are not strong enough signals, while the email response ('We’re not interested.') explicitly indicates low intent.",3,supporting / causal,3,X
E_email_response_non-icp,2,meta-llama-3.1-8b-instruct,email_response,Low Intent,"Company size (250) and industry (Retail) do not indicate high purchase intent, and the dwell time (1 min) is relatively short. Additionally, the customer responded with 'We’re not interested' to the email, which is a clear indicator of low intent.",1,neutral / enumeration,3,X
E_email_response_non-icp,3,meta-llama-3.1-8b-instruct,email_response,Low Intent,"Company size (250) and industry (Retail) do not strongly indicate purchase intent, and website dwell time (1 min) is relatively short. Additionally, the lead explicitly stated 'We’re not interested' in response to an email, which is a clear low intent signal.",3,supporting / causal,3,X
E_email_response_non-icp,4,meta-llama-3.1-8b-instruct,email_response,Low Intent,"Company size is 250, which is relatively small, and the industry is Retail, but the region is South America, which may not be a primary market for our services. The website dwell time is 1 min, which is short, and there was only 1 demo request. The email response indicates a lack of interest.",3,supporting / causal,3,X
E_email_response_non-icp,5,meta-llama-3.1-8b-instruct,email_response,Low Intent,"Company size (250) and industry (Retail) do not indicate high purchase intent, and website dwell time (1 min) and demo requests (1) are low engagement metrics. Email response ('We’re not interested.') explicitly indicates low intent.",3,supporting / causal,3,X
E_industry_icp,1,meta-llama-3.1-8b-instruct,industry,Low Intent,"Company size is 250, which is relatively small, and website dwell time is only 1 min, indicating limited interest in the content.",0,not mentioned,0,X
E_industry_icp,2,meta-llama-3.1-8b-instruct,industry,Low Intent,"Company size is 250, which is relatively small, and website dwell time is 1 min, indicating limited interest in the content.",0,not mentioned,0,X
E_industry_icp,3,meta-llama-3.1-8b-instruct,industry,Low Intent,"Company size is 250, which is relatively small, and website dwell time is only 1 min, indicating limited interest in our services.",0,not mentioned,0,X
E_industry_icp,4,meta-llama-3.1-8b-instruct,industry,Low Intent,"Company size is 250, which is relatively small, and website dwell time is only 1 min, indicating limited interest in the content.",0,not mentioned,0,X
E_industry_icp,5,meta-llama-3.1-8b-instruct,industry,Low Intent,"Company size is 250, which is relatively small, and website dwell time is only 1 min, indicating limited interest in the content.",0,not mentioned,0,X
E_industry_non-icp,1,meta-llama-3.1-8b-instruct,industry,Low Intent,"Company size and website dwell time do not indicate strong purchase intent, while demo requests are a weak signal.",0,not mentioned,0,X
E_industry_non-icp,2,meta-llama-3.1-8b-instruct,industry,Low Intent,"Company size and website dwell time indicate low purchase intent, while demo request shows some interest but is not strong enough to classify as High Intent.",0,not mentioned,0,X
E_industry_non-icp,3,meta-llama-3.1-8b-instruct,industry,Low Intent,"Company size is 250, which is relatively small, and website dwell time is only 1 min, indicating limited interest in our services.",0,not mentioned,0,X
E_industry_non-icp,4,meta-llama-3.1-8b-instruct,industry,Low Intent,"Company size is 250, which is relatively small, and website dwell time is only 1 min, indicating limited interest in our services.",0,not mentioned,0,X
E_industry_non-icp,5,meta-llama-3.1-8b-instruct,industry,Low Intent,"Company size is 250, which is relatively small, and website dwell time is only 1 min, indicating limited interest in our services.",0,not mentioned,0,X
E_region_icp,1,meta-llama-3.1-8b-instruct,region,Low Intent,"Company size and engagement metrics do not indicate strong purchase intent, with a small company size and short website dwell time.",0,not mentioned,0,X
E_region_icp,2,meta-llama-3.1-8b-instruct,region,Low Intent,"Company size of 250 and website dwell time of 1 min indicate limited engagement, while only 1 demo request was made.",0,not mentioned,0,X
E_region_icp,3,meta-llama-3.1-8b-instruct,region,Low Intent,"Company size of 250 and 1-minute website dwell time indicate a relatively small to medium-sized retail company, but only 1 demo request was made, which is not a strong purchase intent signal.",0,not mentioned,0,X
E_region_icp,4,meta-llama-3.1-8b-instruct,region,Low Intent,"Company size of 250 and website dwell time of 1 min indicate limited engagement, while only 1 demo request was made.",0,not mentioned,0,X
E_region_icp,5,meta-llama-3.1-8b-instruct,region,Low Intent,"Company size of 250 and website dwell time of 1 min indicate limited engagement, while only 1 demo request was made.",0,not mentioned,0,X
E_region_non-icp,1,meta-llama-3.1-8b-instruct,region,Low Intent,"Company size of 250 and website dwell time of 1 min indicate limited engagement, while only one demo request was made.",0,not mentioned,0,X
E_region_non-icp,2,meta-llama-3.1-8b-instruct,region,Low Intent,"Company size of 250 and website dwell time of 1 min indicate limited engagement, while only one demo request was made.",0,not mentioned,0,X
E_region_non-icp,3,meta-llama-3.1-8b-instruct,region,Low Intent,"Company size is 250, which is relatively small, and website dwell time is 1 min, indicating limited interest in data analytics platforms and AI integration.",0,not mentioned,0,X
E_region_non-icp,4,meta-llama-3.1-8b-instruct,region,Low Intent,"Company size is 250, which is relatively small, and website dwell time is 1 min, indicating limited interest in the content.",0,not mentioned,0,X
E_region_non-icp,5,meta-llama-3.1-8b-instruct,region,Low Intent,"Company size of 250 and website dwell time of 1 min indicate limited engagement, while only one demo request was made.",0,not mentioned,0,X
E_website_dwell_time_high,1,meta-llama-3.1-8b-instruct,website_dwell_time,Low Intent,"Company size is 250, which is relatively small, and there are no strong engagement metrics, such as high website dwell time or multiple demo requests.",1,neutral / enumeration,3,X
E_website_dwell_time_high,2,meta-llama-3.1-8b-instruct,website_dwell_time,Low Intent,"Company size is 250, which is relatively small, and there are no strong engagement metrics, such as high website dwell time or multiple demo requests.",1,neutral / enumeration,3,X
E_website_dwell_time_high,3,meta-llama-3.1-8b-instruct,website_dwell_time,Low Intent,"Company size is 250, which is relatively small, and only one demo request was made, indicating limited purchase intent.",0,not mentioned,0,X
E_website_dwell_time_high,4,meta-llama-3.1-8b-instruct,website_dwell_time,Low Intent,"Company size is 250, which is relatively small, and there are no strong engagement metrics, such as high website dwell time or multiple demo requests.",1,neutral / enumeration,3,X
E_website_dwell_time_high,5,meta-llama-3.1-8b-instruct,website_dwell_time,Low Intent,"Company size is 250, which is relatively small, and only one demo request was made, indicating limited purchase intent.",0,not mentioned,0,X
E_website_dwell_time_low,1,meta-llama-3.1-8b-instruct,website_dwell_time,Low Intent,"Company size is 250, which is relatively small, and website dwell time is 15 sec, indicating a lack of engagement.",3,supporting / causal,3,X
E_website_dwell_time_low,2,meta-llama-3.1-8b-instruct,website_dwell_time,Low Intent,"Company size (250) and website dwell time (15 sec) indicate limited engagement, while demo requests (1) and email response (noted) suggest some interest, but not strong enough to classify as High Intent.",3,supporting / causal,3,X
E_website_dwell_time_low,3,meta-llama-3.1-8b-instruct,website_dwell_time,Low Intent,"Company size is 250, which is relatively small, and website dwell time is 15 sec, indicating a lack of engagement.",3,supporting / causal,3,X
E_website_dwell_time_low,4,meta-llama-3.1-8b-instruct,website_dwell_time,Low Intent,"Company size is 250, which is relatively small, and website dwell time is 15 sec, indicating a lack of engagement.",3,supporting / causal,3,X
E_website_dwell_time_low,5,meta-llama-3.1-8b-instruct,website_dwell_time,Low Intent,"Company size (250) and website dwell time (15 sec) do not indicate strong purchase intent, and only one demo request was made.",3,supporting / causal,3,X
A_company_size_high,1,openai-gpt-oss-120b,company_size,High Intent,The presence of a demo request (demo_requests=1) combined with a positive email response and 4-minute dwell time indicates strong purchase interest.,0,not mentioned,0,X
A_company_size_high,2,openai-gpt-oss-120b,company_size,High Intent,The presence of a demo request (demo_requests=1) combined with a positive email response and 4-minute dwell time indicates strong purchase interest.,0,not mentioned,0,X
A_company_size_high,3,openai-gpt-oss-120b,company_size,High Intent,The presence of a demo request (demo_requests=1) combined with a positive email response and 4-minute dwell time indicates strong purchase interest.,0,not mentioned,0,X
A_company_size_high,4,openai-gpt-oss-120b,company_size,High Intent,The presence of a demo request (demo_requests=1) combined with a positive email response and 4-minute dwell time indicates strong purchase interest.,0,not mentioned,0,X
A_company_size_high,5,openai-gpt-oss-120b,company_size,High Intent,The presence of a demo request (demo_requests=1) combined with a positive email response and 4-minute dwell time indicates strong purchase interest.,0,not mentioned,0,X
A_company_size_low,1,openai-gpt-oss-120b,company_size,High Intent,The presence of a demo request (demo_requests=1) combined with a positive email response and 4-minute dwell time indicates strong purchase interest.,0,not mentioned,0,X
A_company_size_low,2,openai-gpt-oss-120b,company_size,High Intent,The presence of a demo request (demo_requests=1) combined with a positive email response and 4‑minute dwell time indicates strong purchase interest.,0,not mentioned,0,X
A_company_size_low,3,openai-gpt-oss-120b,company_size,High Intent,The presence of a demo request (demo_requests = 1) and a positive email response indicates strong purchase intent despite the small company size.,2,refuted side of contrast,2,X
A_company_size_low,4,openai-gpt-oss-120b,company_size,High Intent,The presence of a demo request (demo_requests=1) combined with a positive email response and 4‑minute dwell time indicates strong purchase interest.,0,not mentioned,0,X
A_company_size_low,5,openai-gpt-oss-120b,company_size,High Intent,"The combination of a 4-minute website dwell time, a demo request (demo_requests=1), and a positive email response indicates strong purchase interest.",0,not mentioned,0,X
A_demo_requests_high,1,openai-gpt-oss-120b,demo_requests,High Intent,"Multiple demo_requests, 4 min website dwell time, and a positive email response indicate strong purchase intent.",1,neutral / enumeration,3,X
A_demo_requests_high,2,openai-gpt-oss-120b,demo_requests,High Intent,"Multiple demo_requests (3) and a positive email_response indicate strong purchase intent, reinforced by a 4 min website dwell time.",3,supporting / causal,3,X
A_demo_requests_high,3,openai-gpt-oss-120b,demo_requests,High Intent,"Multiple demo_requests, 4 min website dwell time, and a positive email response indicate strong purchase intent.",1,neutral / enumeration,3,X
A_demo_requests_high,4,openai-gpt-oss-120b,demo_requests,High Intent,Multiple demo_requests (3) and high website_dwell_time (4 min) indicate strong purchase intent.,3,supporting / causal,3,X
A_demo_requests_high,5,openai-gpt-oss-120b,demo_requests,High Intent,"Multiple demo_requests, 4 min website dwell time, and a positive email response indicate strong purchase intent.",1,neutral / enumeration,3,X
A_demo_requests_low,1,openai-gpt-oss-120b,demo_requests,Low Intent,Demo_requests=0 and only a passive email response indicate limited purchase intent despite moderate dwell time.,3,supporting / causal,3,X
A_demo_requests_low,2,openai-gpt-oss-120b,demo_requests,Low Intent,demo_requests=0 and only a generic email interest indicate limited purchase intent despite moderate dwell time.,3,supporting / causal,3,X
A_demo_requests_low,3,openai-gpt-oss-120b,demo_requests,Low Intent,demo_requests=0 and only a modest website dwell time (4 min) indicate limited purchase intent despite a positive email response.,3,supporting / causal,3,X
A_demo_requests_low,4,openai-gpt-oss-120b,demo_requests,Low Intent,demo_requests=0 and only a generic email interest indicate limited purchase intent despite moderate dwell time.,3,supporting / causal,3,X
A_demo_requests_low,5,openai-gpt-oss-120b,demo_requests,Low Intent,Demo_requests=0 and only a generic email interest indicate limited purchase intent despite moderate dwell time.,3,supporting / causal,3,X
A_email_response_icp,1,openai-gpt-oss-120b,email_response,High Intent,"Strong signals from demo_requests=1, email response requesting a meeting, and 4 min website dwell time indicate high purchase intent.",1,neutral / enumeration,3,X
A_email_response_icp,2,openai-gpt-oss-120b,email_response,High Intent,"Positive email response and demo_requests indicate strong purchase interest, reinforced by 4 min dwell time.",3,supporting / causal,3,X
A_email_response_icp,3,openai-gpt-oss-120b,email_response,High Intent,"Strong engagement signals such as demo_requests=1, website_dwell_time=4min, and a positive email response indicate high purchase intent.",3,supporting / causal,3,X
A_email_response_icp,4,openai-gpt-oss-120b,email_response,High Intent,"Strong signals: demo_requests=1, email_response positive, dwell_time=4 min",1,neutral / enumeration,3,X
A_email_response_icp,5,openai-gpt-oss-120b,email_response,High Intent,"Positive email response and demo_requests indicate strong purchase interest, reinforced by 4 min website dwell time.",3,supporting / causal,3,X
A_email_response_non-icp,1,openai-gpt-oss-120b,email_response,Low Intent,"Despite a demo request and 4 min dwell time, the explicit email_response of ""We’re not interested"" strongly indicates low purchase intent.",3,supporting / causal,3,X
A_email_response_non-icp,2,openai-gpt-oss-120b,email_response,Low Intent,The explicit email_response of 'We’re not interested' overrides the moderate website_dwell_time and single demo request.,3,supporting / causal,3,X
A_email_response_non-icp,3,openai-gpt-oss-120b,email_response,Low Intent,The explicit email_response of 'We’re not interested' overrides the moderate website_dwell_time and single demo request.,3,supporting / causal,3,X
A_email_response_non-icp,4,openai-gpt-oss-120b,email_response,Low Intent,The explicit email_response of 'We’re not interested' overrides the moderate website_dwell_time and single demo request.,3,supporting / causal,3,X
A_email_response_non-icp,5,openai-gpt-oss-120b,email_response,Low Intent,The explicit email_response of 'We’re not interested' overrides the moderate website_dwell_time and single demo request.,3,supporting / causal,3,X
A_industry_icp,1,openai-gpt-oss-120b,industry,High Intent,"The lead has a demo_requests count of 1 and a positive email response, indicating strong purchase interest.",0,not mentioned,0,X
A_industry_icp,2,openai-gpt-oss-120b,industry,High Intent,"The lead has a demo_requests count of 1 and a positive email response, indicating strong purchase interest.",0,not mentioned,0,X
A_industry_icp,3,openai-gpt-oss-120b,industry,High Intent,"The lead has a demo_requests count of 1 and a positive email response, indicating strong purchase interest.",0,not mentioned,0,X
A_industry_icp,4,openai-gpt-oss-120b,industry,High Intent,The presence of a demo request (demo_requests=1) combined with a positive email response and 4-minute dwell time indicates strong purchase interest.,0,not mentioned,0,X
A_industry_icp,5,openai-gpt-oss-120b,industry,High Intent,"The lead has a demo_requests count of 1 and a positive email response, indicating strong purchase interest.",0,not mentioned,0,X
A_industry_non-icp,1,openai-gpt-oss-120b,industry,High Intent,The presence of a demo request (demo_requests=1) combined with a positive email response and 4‑minute dwell time indicates strong purchase interest.,0,not mentioned,0,X
A_industry_non-icp,2,openai-gpt-oss-120b,industry,High Intent,The presence of a demo request (demo_requests=1) combined with a 4‑minute website dwell time and a positive email response indicates strong purchase intent.,0,not mentioned,0,X
A_industry_non-icp,3,openai-gpt-oss-120b,industry,High Intent,The presence of a demo request (demo_requests=1) combined with a positive email response and 4‑minute dwell time indicates strong purchase interest.,0,not mentioned,0,X
A_industry_non-icp,4,openai-gpt-oss-120b,industry,High Intent,The presence of a demo request (demo_requests=1) combined with a positive email response and 4-minute dwell time indicates strong purchase interest.,0,not mentioned,0,X
A_industry_non-icp,5,openai-gpt-oss-120b,industry,High Intent,"The combination of a 4‑minute dwell time, a demo request (demo_requests=1) and a positive email response indicates strong purchase interest.",0,not mentioned,0,X
A_region_icp,1,openai-gpt-oss-120b,region,High Intent,Demo request (demo_requests=1) and positive email response indicate strong purchase interest despite moderate website dwell time.,0,not mentioned,0,X
A_region_icp,2,openai-gpt-oss-120b,region,High Intent,"Positive demo_requests, 4 min website dwell time, and an interested email response indicate strong purchase intent.",0,not mentioned,0,X
A_region_icp,3,openai-gpt-oss-120b,region,High Intent,"Positive demo_requests, 4 min website dwell time, and an interested email response indicate strong purchase intent.",0,not mentioned,0,X
A_region_icp,4,openai-gpt-oss-120b,region,High Intent,Positive demo_requests and 4 min website_dwell_time indicate strong purchase intent.,0,not mentioned,0,X
A_region_icp,5,openai-gpt-oss-120b,region,High Intent,"Positive demo_requests, 4 min website dwell time, and an interested email response indicate strong purchase intent.",0,not mentioned,0,X
A_region_non-icp,1,openai-gpt-oss-120b,region,High Intent,"The lead has a demo_requests count of 1 and a positive email response, indicating strong purchase interest despite moderate website dwell time.",0,not mentioned,0,X
A_region_non-icp,2,openai-gpt-oss-120b,region,High Intent,"The lead has a demo_requests count of 1 and a positive email response, indicating strong purchase interest despite moderate website dwell time.",0,not mentioned,0,X
A_region_non-icp,3,openai-gpt-oss-120b,region,High Intent,The presence of a demo request (demo_requests=1) combined with a positive email response and 4-minute website dwell time indicates strong purchase interest.,0,not mentioned,0,X
A_region_non-icp,4,openai-gpt-oss-120b,region,High Intent,The presence of a demo request (demo_requests=1) combined with a 4-minute website dwell time and a positive email response indicates strong purchase interest.,0,not mentioned,0,X
A_region_non-icp,5,openai-gpt-oss-120b,region,High Intent,The presence of a demo request (demo_requests=1) and a positive email response indicates strong purchase interest despite moderate dwell time.,0,not mentioned,0,X
A_website_dwell_time_high,1,openai-gpt-oss-120b,website_dwell_time,High Intent,"Strong signals: website_dwell_time=10min, demo_requests=1, and positive email response indicate high purchase intent.",3,supporting / causal,3,X
A_website_dwell_time_high,2,openai-gpt-oss-120b,website_dwell_time,High Intent,"Strong signals: website_dwell_time=10min, demo_requests=1, and positive email response",3,supporting / causal,3,X
A_website_dwell_time_high,3,openai-gpt-oss-120b,website_dwell_time,High Intent,"High website_dwell_time (10 min), demo_requests=1 and positive email response indicate strong purchase intent.",3,supporting / causal,3,X
A_website_dwell_time_high,4,openai-gpt-oss-120b,website_dwell_time,High Intent,"Strong signals: website_dwell_time=10min, demo_requests=1, positive email response",3,supporting / causal,3,X
A_website_dwell_time_high,5,openai-gpt-oss-120b,website_dwell_time,High Intent,Strong signals from demo_requests=1 and website_dwell_time=10min indicate high purchase intent.,3,supporting / causal,3,X
A_website_dwell_time_low,1,openai-gpt-oss-120b,website_dwell_time,Low Intent,"Demo_requests=1 indicates some interest, but low website dwell time (15 sec) and only a tentative email reply keep overall intent low.",1,neutral / enumeration,3,X
A_website_dwell_time_low,2,openai-gpt-oss-120b,website_dwell_time,Low Intent,"Demo_requests=1 indicates some interest, but low website dwell time (15 sec) and only a tentative email reply keep overall intent low.",1,neutral / enumeration,3,X
A_website_dwell_time_low,3,openai-gpt-oss-120b,website_dwell_time,High Intent,The presence of a demo request (demo_requests=1) combined with a positive email response indicates strong purchase interest despite low website dwell time.,2,refuted side of contrast,2,X
A_website_dwell_time_low,4,openai-gpt-oss-120b,website_dwell_time,High Intent,"Demo requests=1 and email_response shows interest, outweighing short website dwell time",2,refuted side of contrast,2,X
A_website_dwell_time_low,5,openai-gpt-oss-120b,website_dwell_time,Low Intent,"Demo_requests=1 indicates some interest, but low website dwell time (15 sec) and only a tentative email reply keep overall intent low.",1,neutral / enumeration,3,X
B_company_size_high,1,openai-gpt-oss-120b,company_size,High Intent,The presence of a demo request (demo_requests = 1) is a strong purchase intent signal despite no email response.,0,not mentioned,0,X
B_company_size_high,2,openai-gpt-oss-120b,company_size,High Intent,The presence of a demo request (demo_requests = 1) is a strong purchase intent signal despite no email response.,0,not mentioned,0,X
B_company_size_high,3,openai-gpt-oss-120b,company_size,High Intent,The presence of a demo request (demo_requests = 1) is a strong purchase intent signal despite no email response.,0,not mentioned,0,X
B_company_size_high,4,openai-gpt-oss-120b,company_size,Low Intent,"Demo_requests=1 indicates some interest, but email_response=No Response and website_dwell_time=40 sec are weak engagement signals, leading to a low intent classification.",0,not mentioned,0,X
B_company_size_high,5,openai-gpt-oss-120b,company_size,High Intent,Demo request (demo_requests=1) indicates strong purchase interest despite no email response.,0,not mentioned,0,X
B_company_size_low,1,openai-gpt-oss-120b,company_size,High Intent,Demo_requests=1 indicates strong interest despite low email_response and modest website_dwell_time=40s.,0,not mentioned,0,X
B_company_size_low,2,openai-gpt-oss-120b,company_size,High Intent,Demo_requests=1 indicates strong interest despite low email_response and modest website_dwell_time=40s.,0,not mentioned,0,X
B_company_size_low,3,openai-gpt-oss-120b,company_size,High Intent,Demo request (demo_requests=1) is a strong purchase intent signal despite low email response.,0,not mentioned,0,X
B_company_size_low,4,openai-gpt-oss-120b,company_size,High Intent,Demo_requests=1 indicates strong interest despite low email_response and moderate website_dwell_time=40s.,0,not mentioned,0,X
B_company_size_low,5,openai-gpt-oss-120b,company_size,High Intent,Demo requests=1 indicates strong purchase interest despite low email response and short dwell time.,0,not mentioned,0,X
B_demo_requests_high,1,openai-gpt-oss-120b,demo_requests,High Intent,The presence of 3 demo_requests indicates strong purchase intent despite no email response.,3,supporting / causal,3,X
B_demo_requests_high,2,openai-gpt-oss-120b,demo_requests,High Intent,The presence of 3 demo_requests indicates strong purchase intent despite no email response.,3,supporting / causal,3,X
B_demo_requests_high,3,openai-gpt-oss-120b,demo_requests,High Intent,The presence of 3 demo_requests indicates strong purchase intent despite no email response.,3,supporting / causal,3,X
B_demo_requests_high,4,openai-gpt-oss-120b,demo_requests,High Intent,Strong signal from demo_requests=3 outweighs lack of email response,3,supporting / causal,3,X
B_demo_requests_high,5,openai-gpt-oss-120b,demo_requests,High Intent,The presence of 3 demo_requests indicates strong purchase intent despite no email response.,3,supporting / causal,3,X
B_demo_requests_low,1,openai-gpt-oss-120b,demo_requests,Low Intent,Zero demo_requests and no email_response despite 40 sec dwell time indicates low purchase intent.,3,supporting / causal,3,X
B_demo_requests_low,2,openai-gpt-oss-120b,demo_requests,Low Intent,Zero demo_requests and no email_response despite 40 sec dwell time indicates low purchase intent.,3,supporting / causal,3,X
B_demo_requests_low,3,openai-gpt-oss-120b,demo_requests,Low Intent,Zero demo_requests and no email_response despite 40 sec dwell time indicates low purchase intent.,3,supporting / causal,3,X
B_demo_requests_low,4,openai-gpt-oss-120b,demo_requests,Low Intent,Zero demo_requests and no email_response despite 40 sec dwell time indicates low purchase intent.,3,supporting / causal,3,X
B_demo_requests_low,5,openai-gpt-oss-120b,demo_requests,Low Intent,Zero demo_requests and no email_response despite 40 sec dwell time indicates low purchase intent.,3,supporting / causal,3,X
B_email_response_icp,1,openai-gpt-oss-120b,email_response,High Intent,Positive email response and demo_requests=1 indicate strong purchase interest despite moderate website dwell time.,3,supporting / causal,3,X
B_email_response_icp,2,openai-gpt-oss-120b,email_response,High Intent,"Positive demo_requests and email_response indicating meeting request, combined with decent website_dwell_time, suggest strong purchase intent.",3,supporting / causal,3,X
B_email_response_icp,3,openai-gpt-oss-120b,email_response,High Intent,Positive email response and demo_requests=1 indicate strong purchase interest despite moderate website dwell time.,3,supporting / causal,3,X
B_email_response_icp,4,openai-gpt-oss-120b,email_response,High Intent,Positive email_response and demo_requests=1 indicate strong purchase intent despite moderate website dwell time.,3,supporting / causal,3,X
B_email_response_icp,5,openai-gpt-oss-120b,email_response,High Intent,"Positive demo_requests and email response indicating meeting request, combined with decent website_dwell_time, signal strong purchase intent.",3,supporting / causal,3,X
B_email_response_non-icp,1,openai-gpt-oss-120b,email_response,Low Intent,"The emailResponse of 'We’re not interested' outweighs the single demo request and moderate dwell time, indicating low purchase intent.",3,supporting / causal,3,X
B_email_response_non-icp,2,openai-gpt-oss-120b,email_response,Low Intent,"The email response 'We’re not interested' outweighs the single demo request and moderate dwell time, indicating low purchase intent.",3,supporting / causal,3,X
B_email_response_non-icp,3,openai-gpt-oss-120b,email_response,Low Intent,Email response = 'We’re not interested' outweighs the single demo request and moderate dwell time.,3,supporting / causal,3,X
B_email_response_non-icp,4,openai-gpt-oss-120b,email_response,Low Intent,"The email response 'We’re not interested' outweighs the single demo request and moderate dwell time, indicating low purchase intent.",3,supporting / causal,3,X
B_email_response_non-icp,5,openai-gpt-oss-120b,email_response,Low Intent,The email_response of 'We’re not interested' outweighs the single demo request and moderate dwell time.,3,supporting / causal,3,X
B_industry_icp,1,openai-gpt-oss-120b,industry,High Intent,Demo requests = 1 indicates strong purchase interest despite no email response.,0,not mentioned,0,X
B_industry_icp,2,openai-gpt-oss-120b,industry,High Intent,The presence of a demo request (demo_requests = 1) is a strong purchase intent signal despite no email response.,0,not mentioned,0,X
B_industry_icp,3,openai-gpt-oss-120b,industry,High Intent,The presence of a demo request (demo_requests = 1) is a strong purchase intent signal despite no email response.,0,not mentioned,0,X
B_industry_icp,4,openai-gpt-oss-120b,industry,High Intent,The presence of a demo request (demo_requests=1) indicates strong purchase interest despite no email response.,0,not mentioned,0,X
B_industry_icp,5,openai-gpt-oss-120b,industry,High Intent,The presence of a demo request (demo_requests = 1) is a strong purchase intent signal despite no email response.,0,not mentioned,0,X
B_industry_non-icp,1,openai-gpt-oss-120b,industry,High Intent,"The presence of a demo request (demo_requests=1) outweighs the lack of email response, indicating strong purchase intent.",0,not mentioned,0,X
B_industry_non-icp,2,openai-gpt-oss-120b,industry,High Intent,"The presence of a demo request (demo_requests = 1) outweighs the lack of email response, indicating strong purchase intent.",0,not mentioned,0,X
B_industry_non-icp,3,openai-gpt-oss-120b,industry,High Intent,Demo requests=1 indicates strong purchase interest despite no email response,0,not mentioned,0,X
B_industry_non-icp,4,openai-gpt-oss-120b,industry,High Intent,"The presence of a demo request (demo_requests=1) outweighs the lack of email response, indicating strong purchase intent.",0,not mentioned,0,X
B_industry_non-icp,5,openai-gpt-oss-120b,industry,High Intent,Demo requests=1 indicates strong purchase interest despite no email response,0,not mentioned,0,X
B_region_icp,1,openai-gpt-oss-120b,region,High Intent,The presence of a demo request (demo_requests=1) indicates strong purchase interest despite no email response.,0,not mentioned,0,X
B_region_icp,2,openai-gpt-oss-120b,region,High Intent,"The presence of a demo request (demo_requests=1) outweighs the lack of email response, indicating strong purchase intent.",0,not mentioned,0,X
B_region_icp,3,openai-gpt-oss-120b,region,High Intent,Demo requests=1 indicates strong purchase interest despite no email response.,0,not mentioned,0,X
B_region_icp,4,openai-gpt-oss-120b,region,High Intent,Demo requests=1 indicates strong purchase interest despite no email response.,0,not mentioned,0,X
B_region_icp,5,openai-gpt-oss-120b,region,High Intent,Demo request (demo_requests=1) is a strong purchase intent signal despite no email response.,0,not mentioned,0,X
B_region_non-icp,1,openai-gpt-oss-120b,region,High Intent,"Demo requests=1 indicates strong interest, outweighing the lack of email response.",0,not mentioned,0,X
B_region_non-icp,2,openai-gpt-oss-120b,region,High Intent,Demo requests=1 indicates strong purchase interest despite no email response.,0,not mentioned,0,X
B_region_non-icp,3,openai-gpt-oss-120b,region,High Intent,"The presence of a demo request (demo_requests=1) outweighs the lack of email response, indicating strong purchase intent.",0,not mentioned,0,X
B_region_non-icp,4,openai-gpt-oss-120b,region,High Intent,"Demo requests=1 indicates strong interest, outweighing the lack of email response.",0,not mentioned,0,X
B_region_non-icp,5,openai-gpt-oss-120b,region,High Intent,The presence of a demo request (demo_requests=1) indicates strong purchase interest despite no email response.,0,not mentioned,0,X
B_website_dwell_time_high,1,openai-gpt-oss-120b,website_dwell_time,High Intent,Long website dwell time (10 min) and a demo request indicate strong purchase interest despite no email response.,3,supporting / causal,3,X
B_website_dwell_time_high,2,openai-gpt-oss-120b,website_dwell_time,High Intent,Long website dwell time (10 min) and a demo request indicate strong interest despite no email response.,3,supporting / causal,3,X
B_website_dwell_time_high,3,openai-gpt-oss-120b,website_dwell_time,High Intent,Long website dwell time (10 min) and a demo request indicate strong purchase interest despite no email response.,3,supporting / causal,3,X
B_website_dwell_time_high,4,openai-gpt-oss-120b,website_dwell_time,High Intent,Long website dwell time (10 min) and a demo request indicate strong purchase interest despite no email response.,3,supporting / causal,3,X
B_website_dwell_time_high,5,openai-gpt-oss-120b,website_dwell_time,High Intent,Long website_dwell_time (10 min) and a demo_requests count of 1 indicate strong purchase interest despite no email response.,3,supporting / causal,3,X
B_website_dwell_time_low,1,openai-gpt-oss-120b,website_dwell_time,Low Intent,"Low dwell time (15 sec) and no email response outweigh the single demo_requests, indicating low purchase intent.",3,supporting / causal,3,X
B_website_dwell_time_low,2,openai-gpt-oss-120b,website_dwell_time,Low Intent,"Low dwell time (15 sec) and no email response outweigh the single demo_requests, indicating low purchase intent.",3,supporting / causal,3,X
B_website_dwell_time_low,3,openai-gpt-oss-120b,website_dwell_time,Low Intent,"Low dwell time (15 sec) and no email response outweigh the single demo_requests, indicating low purchase intent.",3,supporting / causal,3,X
B_website_dwell_time_low,4,openai-gpt-oss-120b,website_dwell_time,Low Intent,"Low dwell time (15 sec) and no email response outweigh the single demo_requests, indicating low purchase intent.",3,supporting / causal,3,X
B_website_dwell_time_low,5,openai-gpt-oss-120b,website_dwell_time,Low Intent,"Low website_dwell_time (15 sec) and no email response outweigh the single demo request, indicating low purchase intent.",3,supporting / causal,3,X
C_company_size_high,1,openai-gpt-oss-120b,company_size,High Intent,"Strong signals: demo_requests=2, website_dwell_time=7 min and email response shows active evaluation.",0,not mentioned,0,X
C_company_size_high,2,openai-gpt-oss-120b,company_size,High Intent,"Strong signals: demo_requests=2, website_dwell_time=7min, and email response indicates active evaluation.",0,not mentioned,0,X
C_company_size_high,3,openai-gpt-oss-120b,company_size,High Intent,"Strong signals: demo_requests=2, website_dwell_time=7 min, email_response='very promising'",0,not mentioned,0,X
C_company_size_high,4,openai-gpt-oss-120b,company_size,High Intent,"Strong signals: demo_requests=2, website_dwell_time=7min, and email response indicates active evaluation.",0,not mentioned,0,X
C_company_size_high,5,openai-gpt-oss-120b,company_size,High Intent,"Strong signals: demo_requests=2, dwell_time=7 min, and email response indicating active evaluation.",0,not mentioned,0,X
C_company_size_low,1,openai-gpt-oss-120b,company_size,High Intent,"Strong signals: demo_requests=2, website_dwell_time=7min, and a very promising email response indicating active evaluation.",0,not mentioned,0,X
C_company_size_low,2,openai-gpt-oss-120b,company_size,High Intent,"Strong signals: demo_requests=2, website_dwell_time=7min, and a very promising email response indicating active evaluation.",0,not mentioned,0,X
C_company_size_low,3,openai-gpt-oss-120b,company_size,High Intent,"Strong signals: demo_requests=2, website_dwell_time=7min, and email response indicates active evaluation.",0,not mentioned,0,X
C_company_size_low,4,openai-gpt-oss-120b,company_size,High Intent,"Strong signals: demo_requests=2, website_dwell_time=7min, email_response='very promising' indicating active evaluation.",0,not mentioned,0,X
C_company_size_low,5,openai-gpt-oss-120b,company_size,High Intent,"Strong signals: demo_requests=2, website_dwell_time=7min, and email response indicates active evaluation.",0,not mentioned,0,X
C_demo_requests_high,1,openai-gpt-oss-120b,demo_requests,High Intent,"Strong signals: demo_requests=3, website_dwell_time=7min, and email response indicating active evaluation.",3,supporting / causal,3,X
C_demo_requests_high,2,openai-gpt-oss-120b,demo_requests,High Intent,"Strong signals from demo_requests=3, email_response='very promising', and website_dwell_time=7min indicate high purchase intent.",3,supporting / causal,3,X
C_demo_requests_high,3,openai-gpt-oss-120b,demo_requests,High Intent,"Strong signals: demo_requests=3, website_dwell_time=7min, and email response indicates active evaluation.",3,supporting / causal,3,X
C_demo_requests_high,4,openai-gpt-oss-120b,demo_requests,High Intent,"Strong signals: demo_requests=3, website_dwell_time=7min, and email response indicating active evaluation.",3,supporting / causal,3,X
C_demo_requests_high,5,openai-gpt-oss-120b,demo_requests,High Intent,"Multiple demo_requests (3), long website_dwell_time (7 min) and a very promising email response indicate strong purchase intent.",3,supporting / causal,3,X
C_demo_requests_low,1,openai-gpt-oss-120b,demo_requests,High Intent,"Strong email_response indicating active evaluation, combined with 7 min dwell time, signals high purchase intent.",0,not mentioned,0,X
C_demo_requests_low,2,openai-gpt-oss-120b,demo_requests,High Intent,The very promising email_response indicating active evaluation outweighs the lack of demo requests.,2,refuted side of contrast,2,X
C_demo_requests_low,3,openai-gpt-oss-120b,demo_requests,High Intent,"Email response indicates active evaluation, and 7 min dwell time shows strong interest (email_response, website_dwell_time).",0,not mentioned,0,X
C_demo_requests_low,4,openai-gpt-oss-120b,demo_requests,High Intent,Strong email_response indicating active evaluation outweighs lack of demo requests; high dwell time supports interest.,2,refuted side of contrast,2,X
C_demo_requests_low,5,openai-gpt-oss-120b,demo_requests,High Intent,"The very promising email_response indicating active evaluation outweighs the lack of demo requests, and the 7 min website dwell time reinforces strong interest.",2,refuted side of contrast,2,X
C_email_response_icp,1,openai-gpt-oss-120b,email_response,High Intent,"Strong signals: website_dwell_time=7min, demo_requests=2, and a positive email response proposing a meeting.",1,neutral / enumeration,3,X
C_email_response_icp,2,openai-gpt-oss-120b,email_response,High Intent,"Strong signals from demo_requests=2, website_dwell_time=7min, and a positive email response indicating a meeting request.",3,supporting / causal,3,X
C_email_response_icp,3,openai-gpt-oss-120b,email_response,High Intent,"Strong signals: dwell_time=7min, demo_requests=2, and a positive email response proposing a meeting.",1,neutral / enumeration,3,X
C_email_response_icp,4,openai-gpt-oss-120b,email_response,High Intent,"Multiple strong signals such as demo_requests=2, website_dwell_time=7min, and a positive email_response indicating a meeting request point to high purchase intent.",3,supporting / causal,3,X
C_email_response_icp,5,openai-gpt-oss-120b,email_response,High Intent,"Strong signals: website_dwell_time=7min, demo_requests=2, and a positive email response proposing a meeting.",1,neutral / enumeration,3,X
C_email_response_non-icp,1,openai-gpt-oss-120b,email_response,Low Intent,"Despite 7 min dwell time and 2 demo requests, the explicit email response ""We’re not interested"" strongly indicates low purchase intent.",3,supporting / causal,3,X
C_email_response_non-icp,2,openai-gpt-oss-120b,email_response,Low Intent,email_response='We’re not interested' overrides positive signals from website_dwell_time=7min and demo_requests=2,3,supporting / causal,3,X
C_email_response_non-icp,3,openai-gpt-oss-120b,email_response,High Intent,"The presence of 2 demo_requests outweighs the negative email response, indicating strong purchase intent.",2,refuted side of contrast,2,X
C_email_response_non-icp,4,openai-gpt-oss-120b,email_response,High Intent,"The 2 demo_requests indicate strong purchase interest, outweighing the negative email_response.",2,refuted side of contrast,2,X
C_email_response_non-icp,5,openai-gpt-oss-120b,email_response,Low Intent,"Despite 2 demo_requests and 7 min dwell time, the explicit email_response of ""We’re not interested"" indicates low purchase intent.",3,supporting / causal,3,X
C_industry_icp,1,openai-gpt-oss-120b,industry,High Intent,"Strong signals: demo_requests=2, website_dwell_time=7min, and a very promising email response indicating active evaluation.",0,not mentioned,0,X
C_industry_icp,2,openai-gpt-oss-120b,industry,High Intent,"Strong signals: demo_requests=2, website_dwell_time=7min, and a very promising email response indicating active evaluation.",0,not mentioned,0,X
C_industry_icp,3,openai-gpt-oss-120b,industry,High Intent,Multiple demo_requests (2) and very promising email_response indicate strong purchase intent.,0,not mentioned,0,X
C_industry_icp,4,openai-gpt-oss-120b,industry,High Intent,"Strong signals from demo_requests=2, website_dwell_time=7min and a very promising email response indicating active evaluation.",0,not mentioned,0,X
C_industry_icp,5,openai-gpt-oss-120b,industry,High Intent,"Multiple demo_requests, 7 min website_dwell_time, and a very promising email response indicate strong purchase intent.",0,not mentioned,0,X
C_industry_non-icp,1,openai-gpt-oss-120b,industry,High Intent,"Multiple demo_requests and a very promising email response indicate strong purchase intent, reinforced by 7 min website_dwell_time.",0,not mentioned,0,X
C_industry_non-icp,2,openai-gpt-oss-120b,industry,High Intent,Strong signals from demo_requests=2 and email_response='very promising' indicate active evaluation.,0,not mentioned,0,X
C_industry_non-icp,3,openai-gpt-oss-120b,industry,High Intent,"Strong signals from demo_requests=2, website_dwell_time=7min, and a very promising email response indicating active evaluation.",0,not mentioned,0,X
C_industry_non-icp,4,openai-gpt-oss-120b,industry,High Intent,"Strong signals from demo_requests=2, website_dwell_time=7min and email response indicating active evaluation.",0,not mentioned,0,X
C_industry_non-icp,5,openai-gpt-oss-120b,industry,High Intent,"Strong signals: demo_requests=2, website_dwell_time=7min, and email response indicates active evaluation.",0,not mentioned,0,X
C_region_icp,1,openai-gpt-oss-120b,region,High Intent,"Strong signals: website_dwell_time=7min, demo_requests=2, and email_response='very promising' indicating active evaluation.",0,not mentioned,0,X
C_region_icp,2,openai-gpt-oss-120b,region,High Intent,"Strong signals from demo_requests=2, website_dwell_time=7min and a very promising email response indicate high purchase intent.",0,not mentioned,0,X
C_region_icp,3,openai-gpt-oss-120b,region,High Intent,"Strong signals: demo_requests=2, website_dwell_time=7 min, and a very promising email response indicating active evaluation.",0,not mentioned,0,X
C_region_icp,4,openai-gpt-oss-120b,region,High Intent,"Strong signals from demo_requests=2, email_response='very promising', and website_dwell_time=7min indicate high purchase intent.",0,not mentioned,0,X
C_region_icp,5,openai-gpt-oss-120b,region,High Intent,"Strong signals: demo_requests=2, website_dwell_time=7 min, and a very promising email response indicating active evaluation.",0,not mentioned,0,X
C_region_non-icp,1,openai-gpt-oss-120b,region,High Intent,"Multiple demo_requests, 7 min website_dwell_time and a very promising email response indicate strong purchase intent.",0,not mentioned,0,X
C_region_non-icp,2,openai-gpt-oss-120b,region,High Intent,"Strong signals: demo_requests=2, website_dwell_time=7 min and a very promising email response indicating active evaluation.",0,not mentioned,0,X
C_region_non-icp,3,openai-gpt-oss-120b,region,High Intent,"Strong signals: demo_requests=2, website_dwell_time=7 min and a very promising email response indicating active evaluation.",0,not mentioned,0,X
C_region_non-icp,4,openai-gpt-oss-120b,region,High Intent,"Strong signals: website_dwell_time=7min, demo_requests=2, and email_response='very promising' indicating active evaluation.",0,not mentioned,0,X
C_region_non-icp,5,openai-gpt-oss-120b,region,High Intent,"Strong signals: website_dwell_time=7min, demo_requests=2, and email response indicates active evaluation.",0,not mentioned,0,X
C_website_dwell_time_high,1,openai-gpt-oss-120b,website_dwell_time,High Intent,"Strong signals from demo_requests=2, website_dwell_time=10min and a very promising email response indicating active evaluation.",3,supporting / causal,3,X
C_website_dwell_time_high,2,openai-gpt-oss-120b,website_dwell_time,High Intent,"Strong signals from demo_requests=2, website_dwell_time=10min and a very promising email response indicating active evaluation.",3,supporting / causal,3,X
C_website_dwell_time_high,3,openai-gpt-oss-120b,website_dwell_time,High Intent,"Strong signals: demo_requests=2, website_dwell_time=10 min, and a very promising email response indicating active evaluation.",1,neutral / enumeration,3,X
C_website_dwell_time_high,4,openai-gpt-oss-120b,website_dwell_time,High Intent,"Strong signals: demo_requests=2, website_dwell_time=10 min, and a very promising email response indicating active evaluation.",1,neutral / enumeration,3,X
C_website_dwell_time_high,5,openai-gpt-oss-120b,website_dwell_time,High Intent,"Strong signals: website_dwell_time=10min, demo_requests=2, and email response indicates active evaluation.",3,supporting / causal,3,X
C_website_dwell_time_low,1,openai-gpt-oss-120b,website_dwell_time,High Intent,"email_response indicates active evaluation, outweighing low website dwell time",2,refuted side of contrast,2,X
C_website_dwell_time_low,2,openai-gpt-oss-120b,website_dwell_time,High Intent,Strong signals from demo_requests=2 and email_response indicating active evaluation outweigh low website dwell time.,2,refuted side of contrast,2,X
C_website_dwell_time_low,3,openai-gpt-oss-120b,website_dwell_time,High Intent,"The email_response indicates they are actively evaluating solutions, which outweighs the low website dwell time.",2,refuted side of contrast,2,X
C_website_dwell_time_low,4,openai-gpt-oss-120b,website_dwell_time,High Intent,Demo_requests=2 and email_response='very promising' indicate strong purchase intent despite low website dwell time.,2,refuted side of contrast,2,X
C_website_dwell_time_low,5,openai-gpt-oss-120b,website_dwell_time,High Intent,"email_response indicates active evaluation, outweighing low website dwell time",2,refuted side of contrast,2,X
D_company_size_high,1,openai-gpt-oss-120b,company_size,High Intent,Positive email response and 2 demo_requests indicate strong purchase intent despite moderate dwell time.,0,not mentioned,0,X
D_company_size_high,2,openai-gpt-oss-120b,company_size,High Intent,"Positive email response, 2 demo_requests, and 2.5 min dwell time indicate strong purchase intent.",0,not mentioned,0,X
D_company_size_high,3,openai-gpt-oss-120b,company_size,High Intent,Positive email response and 2 demo_requests indicate strong purchase intent despite moderate dwell time.,0,not mentioned,0,X
D_company_size_high,4,openai-gpt-oss-120b,company_size,High Intent,Positive email response and 2 demo_requests indicate strong purchase intent despite moderate dwell time.,0,not mentioned,0,X
D_company_size_high,5,openai-gpt-oss-120b,company_size,High Intent,"Positive email response, 2 demo_requests, and 2.5 min dwell time indicate strong purchase intent.",0,not mentioned,0,X
D_company_size_low,1,openai-gpt-oss-120b,company_size,High Intent,Multiple demo_requests and a positive email response indicate strong purchase interest despite small company size.,2,refuted side of contrast,2,X
D_company_size_low,2,openai-gpt-oss-120b,company_size,High Intent,Multiple demo_requests and a positive email response indicate strong purchase intent despite small company size.,2,refuted side of contrast,2,X
D_company_size_low,3,openai-gpt-oss-120b,company_size,High Intent,Multiple demo_requests (2) and a positive email response indicate strong purchase intent despite the small company size.,2,refuted side of contrast,2,X
D_company_size_low,4,openai-gpt-oss-120b,company_size,High Intent,Multiple demo_requests and a positive email response indicate strong purchase interest despite small company size.,2,refuted side of contrast,2,X
D_company_size_low,5,openai-gpt-oss-120b,company_size,High Intent,Multiple demo_requests (2) and a positive email response indicate strong purchase intent despite the small company size.,2,refuted side of contrast,2,X
D_demo_requests_high,1,openai-gpt-oss-120b,demo_requests,High Intent,Multiple demo_requests (3) and a positive email_response indicate strong purchase intent.,3,supporting / causal,3,X
D_demo_requests_high,2,openai-gpt-oss-120b,demo_requests,High Intent,Multiple demo_requests (3) and a positive email response indicate strong purchase intent despite moderate dwell time.,3,supporting / causal,3,X
D_demo_requests_high,3,openai-gpt-oss-120b,demo_requests,High Intent,Multiple demo_requests (3) and a positive email response indicate strong purchase intent.,3,supporting / causal,3,X
D_demo_requests_high,4,openai-gpt-oss-120b,demo_requests,High Intent,Multiple demo_requests (3) and a positive email response indicate strong purchase intent.,3,supporting / causal,3,X
D_demo_requests_high,5,openai-gpt-oss-120b,demo_requests,High Intent,Multiple demo_requests (3) and a positive email response indicate strong purchase intent despite moderate dwell time.,3,supporting / causal,3,X
D_demo_requests_low,1,openai-gpt-oss-120b,demo_requests,High Intent,Positive email response indicating relevance to current initiatives outweighs lack of demo request; email response is a strong intent signal.,2,refuted side of contrast,2,X
D_demo_requests_low,2,openai-gpt-oss-120b,demo_requests,High Intent,Positive email_response indicating relevance to current initiatives outweighs lack of demo request,2,refuted side of contrast,2,X
D_demo_requests_low,3,openai-gpt-oss-120b,demo_requests,High Intent,Positive email_response indicating relevance to current initiatives outweighs lack of demo requests,2,refuted side of contrast,2,X
D_demo_requests_low,4,openai-gpt-oss-120b,demo_requests,High Intent,Positive email_response indicating relevance to current initiatives outweighs lack of demo request,2,refuted side of contrast,2,X
D_demo_requests_low,5,openai-gpt-oss-120b,demo_requests,High Intent,Positive email_response indicating relevance to current initiatives outweighs lack of demo requests.,2,refuted side of contrast,2,X
D_email_response_icp,1,openai-gpt-oss-120b,email_response,High Intent,"Multiple demo_requests and a positive email_response indicating willingness to meet, combined with solid website dwell time, signal strong purchase intent.",3,supporting / causal,3,X
D_email_response_icp,2,openai-gpt-oss-120b,email_response,High Intent,Multiple demo_requests and a positive email response (schedule meeting) indicate strong purchase intent.,3,supporting / causal,3,X
D_email_response_icp,3,openai-gpt-oss-120b,email_response,High Intent,"Multiple demo_requests and a positive email_response indicating a meeting request, combined with solid website dwell time, signal strong purchase intent.",3,supporting / causal,3,X
D_email_response_icp,4,openai-gpt-oss-120b,email_response,High Intent,Multiple demo_requests and a positive email response (schedule meeting) indicate strong purchase intent.,3,supporting / causal,3,X
D_email_response_icp,5,openai-gpt-oss-120b,email_response,High Intent,"Multiple demo_requests and a positive email response indicating a meeting request, combined with 2.5 min dwell time, signal strong purchase intent.",3,supporting / causal,3,X
D_email_response_non-icp,1,openai-gpt-oss-120b,email_response,Low Intent,"Despite 2 demo requests, the explicit email response ""We’re not interested"" strongly indicates low purchase intent.",3,supporting / causal,3,X
D_email_response_non-icp,2,openai-gpt-oss-120b,email_response,Low Intent,Email response='We’re not interested' outweighs demo_requests=2,3,supporting / causal,3,X
D_email_response_non-icp,3,openai-gpt-oss-120b,email_response,Low Intent,Email response='We’re not interested' outweighs demo requests and dwell time,3,supporting / causal,3,X
D_email_response_non-icp,4,openai-gpt-oss-120b,email_response,Low Intent,"Despite 2 demo_requests and 2.5 min dwell time, the email_response 'We’re not interested' strongly indicates low purchase intent.",3,supporting / causal,3,X
D_email_response_non-icp,5,openai-gpt-oss-120b,email_response,Low Intent,"Despite 2 demo requests, the explicit email_response of ""We’re not interested"" outweighs other signals, indicating low purchase intent.",3,supporting / causal,3,X
D_industry_icp,1,openai-gpt-oss-120b,industry,High Intent,Multiple demo_requests and a positive email response indicate strong purchase intent.,0,not mentioned,0,X
D_industry_icp,2,openai-gpt-oss-120b,industry,High Intent,Multiple demo_requests and a positive email response indicate strong purchase intent.,0,not mentioned,0,X
D_industry_icp,3,openai-gpt-oss-120b,industry,High Intent,Multiple demo_requests (2) and a positive email response indicate strong purchase intent.,0,not mentioned,0,X
D_industry_icp,4,openai-gpt-oss-120b,industry,High Intent,Multiple demo_requests and a positive email response indicate strong purchase intent despite moderate dwell time.,0,not mentioned,0,X
D_industry_icp,5,openai-gpt-oss-120b,industry,High Intent,Multiple demo_requests and a positive email response indicate strong purchase intent.,0,not mentioned,0,X
D_industry_non-icp,1,openai-gpt-oss-120b,industry,High Intent,Multiple demo_requests and a positive email response indicate strong purchase intent despite moderate dwell time.,0,not mentioned,0,X
D_industry_non-icp,2,openai-gpt-oss-120b,industry,High Intent,Multiple demo requests (2) and a positive email response indicate strong purchase intent despite moderate dwell time.,0,not mentioned,0,X
D_industry_non-icp,3,openai-gpt-oss-120b,industry,High Intent,Multiple demo requests (2) and a positive email response indicate strong purchase intent despite moderate dwell time.,0,not mentioned,0,X
D_industry_non-icp,4,openai-gpt-oss-120b,industry,High Intent,Multiple demo requests and a positive email response indicate strong purchase intent (demo requests=2).,0,not mentioned,0,X
D_industry_non-icp,5,openai-gpt-oss-120b,industry,High Intent,Multiple demo requests and a positive email response indicate strong purchase intent (demo requests).,0,not mentioned,0,X
D_region_icp,1,openai-gpt-oss-120b,region,High Intent,Multiple demo_requests (2) and a positive email response indicate strong purchase intent.,0,not mentioned,0,X
D_region_icp,2,openai-gpt-oss-120b,region,High Intent,Multiple demo_requests (2) and a positive email response indicate strong purchase intent.,0,not mentioned,0,X
D_region_icp,3,openai-gpt-oss-120b,region,High Intent,Multiple demo_requests (2) and a positive email response indicate strong purchase intent.,0,not mentioned,0,X
D_region_icp,4,openai-gpt-oss-120b,region,High Intent,Multiple demo_requests (2) and a positive email response indicate strong purchase intent.,0,not mentioned,0,X
D_region_icp,5,openai-gpt-oss-120b,region,High Intent,Multiple demo_requests (2) and a positive email response indicate strong purchase intent.,0,not mentioned,0,X
D_region_non-icp,1,openai-gpt-oss-120b,region,High Intent,Multiple demo_requests and a positive email response indicate strong purchase intent despite moderate dwell time.,0,not mentioned,0,X
D_region_non-icp,2,openai-gpt-oss-120b,region,High Intent,Multiple demo_requests (2) and a positive email response indicate strong purchase intent despite moderate website_dwell_time.,0,not mentioned,0,X
D_region_non-icp,3,openai-gpt-oss-120b,region,High Intent,Multiple demo_requests and a positive email response indicate strong purchase intent despite moderate dwell time.,0,not mentioned,0,X
D_region_non-icp,4,openai-gpt-oss-120b,region,High Intent,Multiple demo_requests and a positive email response indicate strong purchase intent despite moderate dwell time.,0,not mentioned,0,X
D_region_non-icp,5,openai-gpt-oss-120b,region,High Intent,Multiple demo_requests and a positive email response indicate strong purchase intent despite moderate dwell time.,0,not mentioned,0,X
D_website_dwell_time_high,1,openai-gpt-oss-120b,website_dwell_time,High Intent,"Strong signals: website dwell time 10 min, demo requests 2, and positive email response indicate high purchase intent.",3,supporting / causal,3,X
D_website_dwell_time_high,2,openai-gpt-oss-120b,website_dwell_time,High Intent,"High website_dwell_time (10 min), multiple demo_requests (2) and a positive email response indicate strong purchase intent.",3,supporting / causal,3,X
D_website_dwell_time_high,3,openai-gpt-oss-120b,website_dwell_time,High Intent,"Strong signals: 10 min website_dwell_time, 2 demo_requests and positive email response",3,supporting / causal,3,X
D_website_dwell_time_high,4,openai-gpt-oss-120b,website_dwell_time,High Intent,"Strong engagement with 10 min website_dwell_time, 2 demo_requests, and a positive email response indicates high purchase intent.",1,neutral / enumeration,3,X
D_website_dwell_time_high,5,openai-gpt-oss-120b,website_dwell_time,High Intent,"Strong signals: website dwell time 10 min, demo requests 2, and positive email response indicate high purchase intent.",3,supporting / causal,3,X
D_website_dwell_time_low,1,openai-gpt-oss-120b,website_dwell_time,High Intent,Positive email response and demo_requests=2 indicate strong purchase interest despite low website dwell time.,2,refuted side of contrast,2,X
D_website_dwell_time_low,2,openai-gpt-oss-120b,website_dwell_time,High Intent,2 demo_requests and a positive email response indicate strong purchase intent despite low dwell time.,2,refuted side of contrast,2,X
D_website_dwell_time_low,3,openai-gpt-oss-120b,website_dwell_time,High Intent,Multiple demo_requests (2) and a positive email response indicate strong purchase intent despite low website dwell time.,2,refuted side of contrast,2,X
D_website_dwell_time_low,4,openai-gpt-oss-120b,website_dwell_time,High Intent,Multiple demo_requests (2) and a positive email response outweigh low website_dwell_time.,2,refuted side of contrast,2,X
D_website_dwell_time_low,5,openai-gpt-oss-120b,website_dwell_time,High Intent,Positive email_response and 2 demo_requests indicate strong purchase intent despite low website_dwell_time.,2,refuted side of contrast,2,X
E_company_size_high,1,openai-gpt-oss-120b,company_size,Low Intent,"The website dwell time of 1 min is low, indicating limited engagement despite the large company size.",2,refuted side of contrast,2,X
E_company_size_high,2,openai-gpt-oss-120b,company_size,Low Intent,The short website dwell time (1 min) suggests limited engagement despite the large company size and a single demo request.,2,refuted side of contrast,2,X
E_company_size_high,3,openai-gpt-oss-120b,company_size,Low Intent,The website dwell time of 1 min and only a single demo request indicate limited engagement despite the large company size.,2,refuted side of contrast,2,X
E_company_size_high,4,openai-gpt-oss-120b,company_size,Low Intent,The website dwell time of 1 min and only a single demo request indicate limited engagement despite the large company size.,2,refuted side of contrast,2,X
E_company_size_high,5,openai-gpt-oss-120b,company_size,Low Intent,"The website dwell time of 1 min is low, indicating limited engagement despite the large company size.",2,refuted side of contrast,2,X
E_company_size_low,1,openai-gpt-oss-120b,company_size,Low Intent,The short website_dwell_time (1 min) and only a single demo_requests indicate limited engagement.,0,not mentioned,0,X
E_company_size_low,2,openai-gpt-oss-120b,company_size,Low Intent,"Despite a demo request, the low website_dwell_time (1 min) and very small company size (10) suggest limited purchase intent.",3,supporting / causal,3,X
E_company_size_low,3,openai-gpt-oss-120b,company_size,Low Intent,"Despite a demo request, the low website_dwell_time (1 min) and very small company size (10) suggest limited purchase intent.",3,supporting / causal,3,X
E_company_size_low,4,openai-gpt-oss-120b,company_size,Low Intent,The short website_dwell_time (1 min) and only a single demo_requests indicate limited engagement.,0,not mentioned,0,X
E_company_size_low,5,openai-gpt-oss-120b,company_size,Low Intent,Only 1 demo request and short website_dwell_time (1 min) indicate limited purchase intent.,0,not mentioned,0,X
E_demo_requests_high,1,openai-gpt-oss-120b,demo_requests,High Intent,"The 3 demo requests indicate strong purchase interest, outweighing moderate website dwell time.",3,supporting / causal,3,X
E_demo_requests_high,2,openai-gpt-oss-120b,demo_requests,High Intent,Three demo requests indicate strong purchase interest despite modest website dwell time.,3,supporting / causal,3,X
E_demo_requests_high,3,openai-gpt-oss-120b,demo_requests,High Intent,The 3 demo_requests indicate strong purchase interest despite moderate dwell time.,3,supporting / causal,3,X
E_demo_requests_high,4,openai-gpt-oss-120b,demo_requests,High Intent,The 3 demo_requests indicate strong purchase interest despite moderate website dwell time.,3,supporting / causal,3,X
E_demo_requests_high,5,openai-gpt-oss-120b,demo_requests,High Intent,Strong signal from demo_requests=3 outweighs moderate website dwell time.,3,supporting / causal,3,X
E_demo_requests_low,1,openai-gpt-oss-120b,demo_requests,Low Intent,Low website dwell time (1 min) and zero demo requests indicate low purchase intent.,3,supporting / causal,3,X
E_demo_requests_low,2,openai-gpt-oss-120b,demo_requests,Low Intent,Low website dwell time (1 min) and zero demo requests indicate limited purchase interest despite a mid-size retail firm.,3,supporting / causal,3,X
E_demo_requests_low,3,openai-gpt-oss-120b,demo_requests,Low Intent,Low website_dwell_time (1 min) and demo_requests = 0 indicate limited purchase intent.,3,supporting / causal,3,X
E_demo_requests_low,4,openai-gpt-oss-120b,demo_requests,Low Intent,Low website dwell time (1 min) and zero demo requests indicate weak purchase intent.,3,supporting / causal,3,X
E_demo_requests_low,5,openai-gpt-oss-120b,demo_requests,Low Intent,"The low website_dwell_time of 1 minute and zero demo_requests indicate minimal engagement, suggesting low purchase intent.",3,supporting / causal,3,X
E_email_response_icp,1,openai-gpt-oss-120b,email_response,High Intent,Positive demo_requests and email_response indicating meeting request outweigh modest website_dwell_time.,3,supporting / causal,3,X
E_email_response_icp,2,openai-gpt-oss-120b,email_response,High Intent,The positive demo_requests and the proactive email_response indicating a meeting request signal strong purchase intent.,3,supporting / causal,3,X
E_email_response_icp,3,openai-gpt-oss-120b,email_response,High Intent,Positive demo_requests and email response indicating meeting request outweigh modest website dwell time.,3,supporting / causal,3,X
E_email_response_icp,4,openai-gpt-oss-120b,email_response,High Intent,Positive email response and demo_requests indicate strong purchase interest despite moderate website_dwell_time.,3,supporting / causal,3,X
E_email_response_icp,5,openai-gpt-oss-120b,email_response,High Intent,Positive email response and demo_requests indicate strong purchase interest despite moderate website_dwell_time.,3,supporting / causal,3,X
E_email_response_non-icp,1,openai-gpt-oss-120b,email_response,Low Intent,Negative email_response outweighs the single demo request; low website dwell time indicates low interest.,3,supporting / causal,3,X
E_email_response_non-icp,2,openai-gpt-oss-120b,email_response,Low Intent,Negative email_response outweighs the single demo request and low website dwell time.,3,supporting / causal,3,X
E_email_response_non-icp,3,openai-gpt-oss-120b,email_response,Low Intent,Email response indicates disinterest despite a single demo request; low website dwell time further reduces intent.,3,supporting / causal,3,X
E_email_response_non-icp,4,openai-gpt-oss-120b,email_response,Low Intent,Negative email_response outweighs the single demo request; low website dwell time indicates low interest.,3,supporting / causal,3,X
E_email_response_non-icp,5,openai-gpt-oss-120b,email_response,Low Intent,Email response indicates disinterest despite a single demo request; low website dwell time reinforces low intent.,3,supporting / causal,3,X
E_industry_icp,1,openai-gpt-oss-120b,industry,High Intent,"Demo_requests=1 indicates strong purchase interest, reinforced by website_dwell_time=1min.",0,not mentioned,0,X
E_industry_icp,2,openai-gpt-oss-120b,industry,High Intent,The presence of a demo request (demo_requests=1) combined with a reasonable website dwell time (website_dwell_time=1 min) signals strong purchase interest.,0,not mentioned,0,X
E_industry_icp,3,openai-gpt-oss-120b,industry,High Intent,"Demo_requests=1 indicates strong purchase interest, supported by website_dwell_time=1min which shows engagement.",0,not mentioned,0,X
E_industry_icp,4,openai-gpt-oss-120b,industry,High Intent,"Demo requests=1 indicates strong purchase interest, supported by website dwell time=1min.",0,not mentioned,0,X
E_industry_icp,5,openai-gpt-oss-120b,industry,Low Intent,Only 1 demo request and a short 1 min website dwell time suggest limited purchase intent despite a relevant company size.,0,not mentioned,0,X
E_industry_non-icp,1,openai-gpt-oss-120b,industry,High Intent,The presence of a demo request (demo_requests=1) combined with a decent website dwell time (website_dwell_time=1 min) indicates strong purchase interest.,0,not mentioned,0,X
E_industry_non-icp,2,openai-gpt-oss-120b,industry,High Intent,Demo requests=1 shows strong purchase interest despite modest website dwell time.,0,not mentioned,0,X
E_industry_non-icp,3,openai-gpt-oss-120b,industry,High Intent,"The presence of a demo request (demo_requests=1) outweighs the modest website dwell time (website_dwell_time=1 min), indicating strong purchase intent.",0,not mentioned,0,X
E_industry_non-icp,4,openai-gpt-oss-120b,industry,High Intent,The presence of a demo request (demo_requests=1) combined with a decent website dwell time (website_dwell_time=1 min) indicates strong purchase interest.,0,not mentioned,0,X
E_industry_non-icp,5,openai-gpt-oss-120b,industry,High Intent,The presence of a demo request (demo_requests=1) combined with a decent website dwell time (website_dwell_time=1 min) indicates strong purchase interest.,0,not mentioned,0,X
E_region_icp,1,openai-gpt-oss-120b,region,High Intent,Demo request (demo_requests=1) indicates strong purchase interest despite modest dwell time.,0,not mentioned,0,X
E_region_icp,2,openai-gpt-oss-120b,region,High Intent,The presence of a demo request (demo_requests=1) combined with a reasonable website dwell time (website_dwell_time=1 min) indicates strong purchase interest.,0,not mentioned,0,X
E_region_icp,3,openai-gpt-oss-120b,region,High Intent,Demo request (demo_requests=1) indicates strong purchase interest despite modest dwell time.,0,not mentioned,0,X
E_region_icp,4,openai-gpt-oss-120b,region,Low Intent,Only 1 demo_requests and a short website_dwell_time of 1 min suggest limited purchase intent.,0,not mentioned,0,X
E_region_icp,5,openai-gpt-oss-120b,region,Low Intent,"Only 1 demo request and a short 1‑minute website dwell time suggest limited purchase intent (demo_requests, website_dwell_time).",0,not mentioned,0,X
E_region_non-icp,1,openai-gpt-oss-120b,region,Low Intent,Low website_dwell_time (1 min) and only a single demo_requests indicate limited purchase intent.,0,not mentioned,0,X
E_region_non-icp,2,openai-gpt-oss-120b,region,High Intent,The presence of a demo request (demo_requests = 1) is a strong purchase intent signal despite low website dwell time.,0,not mentioned,0,X
E_region_non-icp,3,openai-gpt-oss-120b,region,Low Intent,Only 1 minute website_dwell_time and a single demo_requests indicates limited engagement despite the demo request.,0,not mentioned,0,X
E_region_non-icp,4,openai-gpt-oss-120b,region,High Intent,The presence of a demo request (demo_requests = 1) indicates strong purchase interest despite moderate dwell time.,0,not mentioned,0,X
E_region_non-icp,5,openai-gpt-oss-120b,region,Low Intent,Low website_dwell_time (1 min) and only a single demo_requests indicate limited purchase intent.,0,not mentioned,0,X
E_website_dwell_time_high,1,openai-gpt-oss-120b,website_dwell_time,High Intent,Long website dwell time (10 min) and a demo request indicate strong purchase interest.,3,supporting / causal,3,X
E_website_dwell_time_high,2,openai-gpt-oss-120b,website_dwell_time,High Intent,Website dwell time of 10 min and demo requests = 1 show strong engagement,3,supporting / causal,3,X
E_website_dwell_time_high,3,openai-gpt-oss-120b,website_dwell_time,High Intent,Website dwell time of 10 min and demo requests = 1 show strong engagement,3,supporting / causal,3,X
E_website_dwell_time_high,4,openai-gpt-oss-120b,website_dwell_time,High Intent,Long dwell_time (10 min) and a demo request indicate strong purchase interest despite pending email response.,3,supporting / causal,3,X
E_website_dwell_time_high,5,openai-gpt-oss-120b,website_dwell_time,High Intent,Website dwell time of 10 min and demo requests = 1 show strong engagement,3,supporting / causal,3,X
E_website_dwell_time_low,1,openai-gpt-oss-120b,website_dwell_time,Low Intent,"Despite 1 demo_requests, the very short website_dwell_time (15 sec) suggests limited engagement.",3,supporting / causal,3,X
E_website_dwell_time_low,2,openai-gpt-oss-120b,website_dwell_time,Low Intent,"Despite 1 demo_requests, the very short website_dwell_time (15 sec) suggests limited engagement.",3,supporting / causal,3,X
E_website_dwell_time_low,3,openai-gpt-oss-120b,website_dwell_time,Low Intent,"Despite 1 demo_requests, the very short website dwell time (15 sec) suggests limited engagement.",3,supporting / causal,3,X
E_website_dwell_time_low,4,openai-gpt-oss-120b,website_dwell_time,Low Intent,"Low dwell time (15 sec) outweighs single demo_requests, indicating limited purchase intent.",3,supporting / causal,3,X
E_website_dwell_time_low,5,openai-gpt-oss-120b,website_dwell_time,Low Intent,"Despite 1 demo_requests, the very short website_dwell_time (15 sec) suggests limited engagement.",3,supporting / causal,3,X
